id,productId,region,units,soldAt
S-100000,P-1101,Central,35,2024-08-28T00:00:00.000Z
S-100001,P-1009,Central,22,2024-05-15T00:00:00.000Z
S-100002,P-1109,East,49,2024-08-09T00:00:00.000Z
S-100003,P-1109,East,32,2024-06-14T00:00:00.000Z
S-100004,P-1148,Central,73,2024-05-25T00:00:00.000Z
S-100005,P-1003,North,43,2024-12-28T00:00:00.000Z
S-100006,P-1097,Central,50,2024-06-27T00:00:00.000Z
S-100007,P-1156,West,53,2024-12-26T00:00:00.000Z
S-100008,P-1167,West,57,2024-06-22T00:00:00.000Z
S-100009,P-1176,South,72,2024-09-27T00:00:00.000Z
S-100010,P-1236,North,25,2024-06-07T00:00:00.000Z
S-100011,P-1177,West,61,2024-05-13T00:00:00.000Z
S-100012,P-1209,West,72,2024-03-24T00:00:00.000Z
S-100013,P-1150,West,21,2024-12-11T00:00:00.000Z
S-100014,P-1182,North,4,2024-07-08T00:00:00.000Z
S-100015,P-1104,West,34,2024-01-02T00:00:00.000Z
S-100016,P-1236,West,76,2024-12-13T00:00:00.000Z
S-100017,P-1137,Central,7,2024-02-04T00:00:00.000Z
S-100018,P-1056,West,10,2024-12-09T00:00:00.000Z
S-100019,P-1232,South,5,2024-06-06T00:00:00.000Z
S-100020,P-1054,Central,19,2024-11-20T00:00:00.000Z
S-100021,P-1153,East,46,2024-06-01T00:00:00.000Z
S-100022,P-1011,South,27,2024-04-06T00:00:00.000Z
S-100023,P-1122,South,65,2024-10-10T00:00:00.000Z
S-100024,P-1152,North,20,2024-08-26T00:00:00.000Z
S-100025,P-1198,North,50,2024-05-25T00:00:00.000Z
S-100026,P-1126,Central,16,2024-05-29T00:00:00.000Z
S-100027,P-1128,East,1,2024-10-25T00:00:00.000Z
S-100028,P-1161,East,75,2024-11-18T00:00:00.000Z
S-100029,P-1221,North,54,2024-04-04T00:00:00.000Z
S-100030,P-1129,South,8,2024-09-09T00:00:00.000Z
S-100031,P-1038,Central,75,2024-02-16T00:00:00.000Z
S-100032,P-1120,East,14,2024-03-18T00:00:00.000Z
S-100033,P-1115,East,57,2024-05-24T00:00:00.000Z
S-100034,P-1235,South,4,2024-07-18T00:00:00.000Z
S-100035,P-1089,East,55,2024-07-07T00:00:00.000Z
S-100036,P-1022,East,36,2024-03-25T00:00:00.000Z
S-100037,P-1191,South,26,2024-02-16T00:00:00.000Z
S-100038,P-1061,West,38,2024-02-26T00:00:00.000Z
S-100039,P-1037,Central,18,2024-08-29T00:00:00.000Z
S-100040,P-1200,South,61,2024-12-24T00:00:00.000Z
S-100041,P-1061,Central,46,2024-07-30T00:00:00.000Z
S-100042,P-1033,West,75,2024-08-04T00:00:00.000Z
S-100043,P-1116,South,80,2024-02-22T00:00:00.000Z
S-100044,P-1082,North,45,2024-07-05T00:00:00.000Z
S-100045,P-1220,South,68,2024-10-31T00:00:00.000Z
S-100046,P-1060,South,30,2024-10-25T00:00:00.000Z
S-100047,P-1050,North,6,2024-11-23T00:00:00.000Z
S-100048,P-1008,West,62,2024-09-27T00:00:00.000Z
S-100049,P-1162,Central,68,2024-05-30T00:00:00.000Z
S-100050,P-1014,East,28,2024-10-29T00:00:00.000Z
S-100051,P-1053,East,20,2024-08-13T00:00:00.000Z
S-100052,P-1019,East,56,2024-09-25T00:00:00.000Z
S-100053,P-1056,West,79,2024-05-19T00:00:00.000Z
S-100054,P-1170,East,35,2024-07-06T00:00:00.000Z
S-100055,P-1129,South,22,2024-01-16T00:00:00.000Z
S-100056,P-1140,North,78,2024-09-02T00:00:00.000Z
S-100057,P-1082,South,68,2024-02-23T00:00:00.000Z
S-100058,P-1232,South,57,2024-02-11T00:00:00.000Z
S-100059,P-1190,South,35,2024-08-03T00:00:00.000Z
S-100060,P-1084,East,41,2024-12-06T00:00:00.000Z
S-100061,P-1008,South,31,2024-07-14T00:00:00.000Z
S-100062,P-1057,East,54,2024-09-28T00:00:00.000Z
S-100063,P-1151,East,76,2024-04-10T00:00:00.000Z
S-100064,P-1121,Central,14,2024-05-01T00:00:00.000Z
S-100065,P-1046,South,59,2024-03-25T00:00:00.000Z
S-100066,P-1101,North,62,2024-01-30T00:00:00.000Z
S-100067,P-1116,East,13,2024-08-02T00:00:00.000Z
S-100068,P-1239,West,10,2024-06-02T00:00:00.000Z
S-100069,P-1116,West,41,2024-05-02T00:00:00.000Z
S-100070,P-1113,South,2,2024-03-14T00:00:00.000Z
S-100071,P-1061,South,1,2024-01-31T00:00:00.000Z
S-100072,P-1109,East,56,2024-05-31T00:00:00.000Z
S-100073,P-1077,Central,45,2024-02-08T00:00:00.000Z
S-100074,P-1034,North,3,2024-01-07T00:00:00.000Z
S-100075,P-1130,Central,23,2024-02-26T00:00:00.000Z
S-100076,P-1051,North,73,2024-11-14T00:00:00.000Z
S-100077,P-1009,North,38,2024-05-10T00:00:00.000Z
S-100078,P-1099,North,32,2024-08-23T00:00:00.000Z
S-100079,P-1175,Central,53,2024-02-25T00:00:00.000Z
S-100080,P-1080,Central,49,2024-03-30T00:00:00.000Z
S-100081,P-1190,West,15,2024-04-13T00:00:00.000Z
S-100082,P-1136,North,61,2024-02-03T00:00:00.000Z
S-100083,P-1188,Central,66,2024-01-27T00:00:00.000Z
S-100084,P-1070,West,20,2024-08-04T00:00:00.000Z
S-100085,P-1025,South,36,2024-08-01T00:00:00.000Z
S-100086,P-1142,East,74,2024-04-30T00:00:00.000Z
S-100087,P-1173,North,61,2024-02-05T00:00:00.000Z
S-100088,P-1094,Central,17,2024-10-18T00:00:00.000Z
S-100089,P-1207,South,56,2024-07-29T00:00:00.000Z
S-100090,P-1212,West,65,2024-02-28T00:00:00.000Z
S-100091,P-1077,South,63,2024-05-19T00:00:00.000Z
S-100092,P-1087,North,75,2024-02-04T00:00:00.000Z
S-100093,P-1174,East,3,2024-10-02T00:00:00.000Z
S-100094,P-1042,East,75,2024-04-06T00:00:00.000Z
S-100095,P-1195,South,31,2024-06-19T00:00:00.000Z
S-100096,P-1082,Central,15,2024-01-12T00:00:00.000Z
S-100097,P-1201,South,50,2024-09-26T00:00:00.000Z
S-100098,P-1134,East,20,2024-01-13T00:00:00.000Z
S-100099,P-1220,North,76,2024-08-26T00:00:00.000Z
S-100100,P-1210,East,47,2024-11-09T00:00:00.000Z
S-100101,P-1112,East,7,2024-12-25T00:00:00.000Z
S-100102,P-1018,South,39,2024-08-26T00:00:00.000Z
S-100103,P-1037,North,47,2024-08-14T00:00:00.000Z
S-100104,P-1163,West,9,2024-05-29T00:00:00.000Z
S-100105,P-1061,West,62,2024-04-12T00:00:00.000Z
S-100106,P-1151,Central,56,2024-02-03T00:00:00.000Z
S-100107,P-1148,Central,34,2024-01-24T00:00:00.000Z
S-100108,P-1237,West,2,2024-04-11T00:00:00.000Z
S-100109,P-1017,South,62,2024-10-25T00:00:00.000Z
S-100110,P-1009,North,52,2024-03-15T00:00:00.000Z
S-100111,P-1166,Central,75,2024-11-21T00:00:00.000Z
S-100112,P-1179,Central,11,2024-01-29T00:00:00.000Z
S-100113,P-1050,South,42,2024-12-23T00:00:00.000Z
S-100114,P-1171,East,30,2024-07-13T00:00:00.000Z
S-100115,P-1113,East,18,2024-06-03T00:00:00.000Z
S-100116,P-1146,East,35,2024-03-12T00:00:00.000Z
S-100117,P-1093,Central,42,2024-03-07T00:00:00.000Z
S-100118,P-1114,South,64,2024-07-11T00:00:00.000Z
S-100119,P-1045,North,1,2024-05-30T00:00:00.000Z
S-100120,P-1113,East,63,2024-06-13T00:00:00.000Z
S-100121,P-1061,Central,8,2024-07-03T00:00:00.000Z
S-100122,P-1174,South,12,2024-05-22T00:00:00.000Z
S-100123,P-1100,South,63,2024-08-03T00:00:00.000Z
S-100124,P-1020,East,19,2024-02-08T00:00:00.000Z
S-100125,P-1035,West,58,2024-03-18T00:00:00.000Z
S-100126,P-1080,Central,36,2024-04-01T00:00:00.000Z
S-100127,P-1004,East,49,2024-01-05T00:00:00.000Z
S-100128,P-1183,North,58,2024-04-03T00:00:00.000Z
S-100129,P-1175,East,1,2024-01-21T00:00:00.000Z
S-100130,P-1099,Central,1,2024-05-22T00:00:00.000Z
S-100131,P-1147,North,76,2024-10-28T00:00:00.000Z
S-100132,P-1213,North,67,2024-11-18T00:00:00.000Z
S-100133,P-1110,North,18,2024-02-02T00:00:00.000Z
S-100134,P-1173,North,80,2024-01-16T00:00:00.000Z
S-100135,P-1169,East,13,2024-07-30T00:00:00.000Z
S-100136,P-1094,West,7,2024-12-16T00:00:00.000Z
S-100137,P-1181,West,64,2024-11-19T00:00:00.000Z
S-100138,P-1003,Central,64,2024-09-14T00:00:00.000Z
S-100139,P-1160,West,9,2024-01-28T00:00:00.000Z
S-100140,P-1203,North,13,2024-04-08T00:00:00.000Z
S-100141,P-1177,East,78,2024-05-17T00:00:00.000Z
S-100142,P-1162,North,68,2024-12-27T00:00:00.000Z
S-100143,P-1088,North,26,2024-01-19T00:00:00.000Z
S-100144,P-1185,West,62,2024-09-23T00:00:00.000Z
S-100145,P-1057,West,21,2024-12-19T00:00:00.000Z
S-100146,P-1230,North,61,2024-08-01T00:00:00.000Z
S-100147,P-1091,North,38,2024-12-20T00:00:00.000Z
S-100148,P-1121,Central,64,2024-03-24T00:00:00.000Z
S-100149,P-1222,North,59,2024-01-26T00:00:00.000Z
S-100150,P-1162,East,19,2024-02-07T00:00:00.000Z
S-100151,P-1110,West,6,2024-03-12T00:00:00.000Z
S-100152,P-1107,East,64,2024-03-08T00:00:00.000Z
S-100153,P-1003,North,15,2024-01-08T00:00:00.000Z
S-100154,P-1134,South,64,2024-09-02T00:00:00.000Z
S-100155,P-1182,West,49,2024-10-15T00:00:00.000Z
S-100156,P-1086,West,46,2024-11-30T00:00:00.000Z
S-100157,P-1215,North,40,2024-07-10T00:00:00.000Z
S-100158,P-1097,Central,19,2024-02-05T00:00:00.000Z
S-100159,P-1085,North,32,2024-07-14T00:00:00.000Z
S-100160,P-1185,South,61,2024-08-04T00:00:00.000Z
S-100161,P-1041,South,25,2024-12-02T00:00:00.000Z
S-100162,P-1044,North,44,2024-05-10T00:00:00.000Z
S-100163,P-1142,East,42,2024-04-08T00:00:00.000Z
S-100164,P-1060,Central,38,2024-10-31T00:00:00.000Z
S-100165,P-1183,West,25,2024-11-13T00:00:00.000Z
S-100166,P-1045,Central,64,2024-04-27T00:00:00.000Z
S-100167,P-1036,North,27,2024-02-28T00:00:00.000Z
S-100168,P-1167,East,1,2024-02-05T00:00:00.000Z
S-100169,P-1117,West,5,2024-05-01T00:00:00.000Z
S-100170,P-1204,Central,40,2024-07-19T00:00:00.000Z
S-100171,P-1155,North,36,2024-03-28T00:00:00.000Z
S-100172,P-1143,Central,78,2024-01-12T00:00:00.000Z
S-100173,P-1074,Central,57,2024-08-14T00:00:00.000Z
S-100174,P-1181,South,68,2024-03-06T00:00:00.000Z
S-100175,P-1212,Central,3,2024-07-15T00:00:00.000Z
S-100176,P-1097,East,36,2024-08-13T00:00:00.000Z
S-100177,P-1167,North,44,2024-03-30T00:00:00.000Z
S-100178,P-1068,South,32,2024-12-01T00:00:00.000Z
S-100179,P-1109,East,17,2024-08-15T00:00:00.000Z
S-100180,P-1210,North,28,2024-06-25T00:00:00.000Z
S-100181,P-1123,North,77,2024-09-17T00:00:00.000Z
S-100182,P-1071,South,38,2024-02-23T00:00:00.000Z
S-100183,P-1150,South,19,2024-10-22T00:00:00.000Z
S-100184,P-1092,West,38,2024-11-07T00:00:00.000Z
S-100185,P-1077,South,73,2024-10-16T00:00:00.000Z
S-100186,P-1065,Central,64,2024-09-24T00:00:00.000Z
S-100187,P-1166,North,79,2024-08-17T00:00:00.000Z
S-100188,P-1083,South,57,2024-02-12T00:00:00.000Z
S-100189,P-1096,West,56,2024-09-18T00:00:00.000Z
S-100190,P-1110,South,27,2024-05-15T00:00:00.000Z
S-100191,P-1043,East,13,2024-08-29T00:00:00.000Z
S-100192,P-1211,Central,31,2024-10-28T00:00:00.000Z
S-100193,P-1215,East,49,2024-11-26T00:00:00.000Z
S-100194,P-1090,West,7,2024-04-02T00:00:00.000Z
S-100195,P-1146,North,33,2024-10-30T00:00:00.000Z
S-100196,P-1056,West,12,2024-08-14T00:00:00.000Z
S-100197,P-1153,South,74,2024-12-26T00:00:00.000Z
S-100198,P-1097,Central,41,2024-02-05T00:00:00.000Z
S-100199,P-1212,North,74,2024-03-17T00:00:00.000Z
S-100200,P-1161,East,44,2024-11-29T00:00:00.000Z
S-100201,P-1087,North,23,2024-11-17T00:00:00.000Z
S-100202,P-1134,Central,78,2024-07-25T00:00:00.000Z
S-100203,P-1111,West,29,2024-12-02T00:00:00.000Z
S-100204,P-1010,East,21,2024-02-06T00:00:00.000Z
S-100205,P-1225,Central,61,2024-08-08T00:00:00.000Z
S-100206,P-1187,South,42,2024-05-06T00:00:00.000Z
S-100207,P-1022,North,56,2024-05-06T00:00:00.000Z
S-100208,P-1047,North,13,2024-03-28T00:00:00.000Z
S-100209,P-1076,Central,35,2024-11-26T00:00:00.000Z
S-100210,P-1036,West,16,2024-09-13T00:00:00.000Z
S-100211,P-1173,North,50,2024-08-28T00:00:00.000Z
S-100212,P-1160,West,60,2024-10-08T00:00:00.000Z
S-100213,P-1070,Central,32,2024-12-11T00:00:00.000Z
S-100214,P-1032,South,30,2024-08-25T00:00:00.000Z
S-100215,P-1032,North,57,2024-11-05T00:00:00.000Z
S-100216,P-1164,West,23,2024-09-29T00:00:00.000Z
S-100217,P-1042,North,34,2024-08-14T00:00:00.000Z
S-100218,P-1192,East,51,2024-11-21T00:00:00.000Z
S-100219,P-1105,West,55,2024-09-07T00:00:00.000Z
S-100220,P-1198,South,22,2024-07-21T00:00:00.000Z
S-100221,P-1058,West,58,2024-08-21T00:00:00.000Z
S-100222,P-1226,South,38,2024-08-20T00:00:00.000Z
S-100223,P-1125,West,9,2024-09-13T00:00:00.000Z
S-100224,P-1009,South,23,2024-06-12T00:00:00.000Z
S-100225,P-1055,West,41,2024-05-05T00:00:00.000Z
S-100226,P-1101,North,46,2024-03-24T00:00:00.000Z
S-100227,P-1043,North,15,2024-05-18T00:00:00.000Z
S-100228,P-1083,West,41,2024-12-13T00:00:00.000Z
S-100229,P-1215,North,71,2024-12-23T00:00:00.000Z
S-100230,P-1018,East,37,2024-05-22T00:00:00.000Z
S-100231,P-1048,North,23,2024-09-04T00:00:00.000Z
S-100232,P-1194,Central,37,2024-09-30T00:00:00.000Z
S-100233,P-1108,West,37,2024-12-29T00:00:00.000Z
S-100234,P-1114,North,70,2024-02-27T00:00:00.000Z
S-100235,P-1225,North,31,2024-09-19T00:00:00.000Z
S-100236,P-1056,West,23,2024-06-11T00:00:00.000Z
S-100237,P-1121,East,76,2024-07-07T00:00:00.000Z
S-100238,P-1222,East,20,2024-11-27T00:00:00.000Z
S-100239,P-1037,North,26,2024-02-13T00:00:00.000Z
S-100240,P-1049,South,72,2024-09-14T00:00:00.000Z
S-100241,P-1229,Central,42,2024-03-06T00:00:00.000Z
S-100242,P-1078,East,28,2024-05-30T00:00:00.000Z
S-100243,P-1069,South,44,2024-06-30T00:00:00.000Z
S-100244,P-1056,Central,47,2024-05-09T00:00:00.000Z
S-100245,P-1175,North,7,2024-10-04T00:00:00.000Z
S-100246,P-1112,North,51,2024-09-20T00:00:00.000Z
S-100247,P-1164,North,5,2024-10-15T00:00:00.000Z
S-100248,P-1039,South,44,2024-08-17T00:00:00.000Z
S-100249,P-1026,West,6,2024-07-08T00:00:00.000Z
S-100250,P-1201,North,44,2024-02-13T00:00:00.000Z
S-100251,P-1239,West,34,2024-01-07T00:00:00.000Z
S-100252,P-1141,Central,34,2024-09-14T00:00:00.000Z
S-100253,P-1214,South,73,2024-07-01T00:00:00.000Z
S-100254,P-1084,East,71,2024-10-26T00:00:00.000Z
S-100255,P-1030,North,34,2024-03-12T00:00:00.000Z
S-100256,P-1124,West,65,2024-07-12T00:00:00.000Z
S-100257,P-1187,East,21,2024-11-24T00:00:00.000Z
S-100258,P-1193,South,39,2024-06-25T00:00:00.000Z
S-100259,P-1181,Central,45,2024-01-12T00:00:00.000Z
S-100260,P-1216,Central,52,2024-01-12T00:00:00.000Z
S-100261,P-1160,South,33,2024-08-03T00:00:00.000Z
S-100262,P-1189,South,80,2024-01-17T00:00:00.000Z
S-100263,P-1058,West,34,2024-07-24T00:00:00.000Z
S-100264,P-1000,West,52,2024-03-31T00:00:00.000Z
S-100265,P-1166,North,2,2024-09-14T00:00:00.000Z
S-100266,P-1215,Central,38,2024-07-09T00:00:00.000Z
S-100267,P-1024,Central,22,2024-06-30T00:00:00.000Z
S-100268,P-1026,North,26,2024-09-17T00:00:00.000Z
S-100269,P-1172,South,41,2024-10-11T00:00:00.000Z
S-100270,P-1011,East,68,2024-11-05T00:00:00.000Z
S-100271,P-1220,North,41,2024-01-09T00:00:00.000Z
S-100272,P-1015,Central,58,2024-04-01T00:00:00.000Z
S-100273,P-1198,South,22,2024-02-09T00:00:00.000Z
S-100274,P-1209,Central,58,2024-06-11T00:00:00.000Z
S-100275,P-1222,East,17,2024-02-03T00:00:00.000Z
S-100276,P-1096,South,63,2024-11-07T00:00:00.000Z
S-100277,P-1004,West,29,2024-07-14T00:00:00.000Z
S-100278,P-1109,East,68,2024-05-25T00:00:00.000Z
S-100279,P-1161,East,9,2024-11-28T00:00:00.000Z
S-100280,P-1080,North,52,2024-08-18T00:00:00.000Z
S-100281,P-1233,Central,28,2024-06-15T00:00:00.000Z
S-100282,P-1209,Central,20,2024-09-14T00:00:00.000Z
S-100283,P-1179,Central,4,2024-09-08T00:00:00.000Z
S-100284,P-1104,North,9,2024-07-26T00:00:00.000Z
S-100285,P-1202,South,63,2024-12-26T00:00:00.000Z
S-100286,P-1056,South,2,2024-05-23T00:00:00.000Z
S-100287,P-1112,West,57,2024-07-29T00:00:00.000Z
S-100288,P-1225,East,74,2024-07-17T00:00:00.000Z
S-100289,P-1155,South,4,2024-05-10T00:00:00.000Z
S-100290,P-1150,Central,56,2024-10-08T00:00:00.000Z
S-100291,P-1132,South,21,2024-12-02T00:00:00.000Z
S-100292,P-1227,South,39,2024-12-10T00:00:00.000Z
S-100293,P-1014,South,43,2024-11-16T00:00:00.000Z
S-100294,P-1096,North,23,2024-02-27T00:00:00.000Z
S-100295,P-1162,South,33,2024-01-12T00:00:00.000Z
S-100296,P-1088,West,72,2024-06-24T00:00:00.000Z
S-100297,P-1058,North,11,2024-03-06T00:00:00.000Z
S-100298,P-1232,East,30,2024-10-05T00:00:00.000Z
S-100299,P-1187,South,35,2024-09-09T00:00:00.000Z
S-100300,P-1153,North,1,2024-04-16T00:00:00.000Z
S-100301,P-1166,East,31,2024-09-05T00:00:00.000Z
S-100302,P-1171,Central,37,2024-02-26T00:00:00.000Z
S-100303,P-1121,South,26,2024-05-08T00:00:00.000Z
S-100304,P-1011,South,46,2024-01-31T00:00:00.000Z
S-100305,P-1052,East,17,2024-11-17T00:00:00.000Z
S-100306,P-1000,Central,64,2024-08-02T00:00:00.000Z
S-100307,P-1012,South,47,2024-06-06T00:00:00.000Z
S-100308,P-1054,Central,22,2024-04-11T00:00:00.000Z
S-100309,P-1119,Central,34,2024-03-12T00:00:00.000Z
S-100310,P-1193,Central,45,2024-07-11T00:00:00.000Z
S-100311,P-1104,North,1,2024-10-26T00:00:00.000Z
S-100312,P-1078,Central,9,2024-02-10T00:00:00.000Z
S-100313,P-1014,South,70,2024-08-27T00:00:00.000Z
S-100314,P-1217,East,22,2024-12-05T00:00:00.000Z
S-100315,P-1032,North,73,2024-07-09T00:00:00.000Z
S-100316,P-1156,North,33,2024-09-26T00:00:00.000Z
S-100317,P-1090,South,41,2024-08-28T00:00:00.000Z
S-100318,P-1111,West,74,2024-09-30T00:00:00.000Z
S-100319,P-1141,West,52,2024-08-22T00:00:00.000Z
S-100320,P-1231,South,79,2024-07-18T00:00:00.000Z
S-100321,P-1008,East,43,2024-10-15T00:00:00.000Z
S-100322,P-1168,North,44,2024-08-01T00:00:00.000Z
S-100323,P-1048,West,9,2024-02-13T00:00:00.000Z
S-100324,P-1206,Central,28,2024-01-06T00:00:00.000Z
S-100325,P-1079,East,71,2024-04-03T00:00:00.000Z
S-100326,P-1131,South,70,2024-04-01T00:00:00.000Z
S-100327,P-1041,North,35,2024-08-24T00:00:00.000Z
S-100328,P-1128,West,73,2024-12-28T00:00:00.000Z
S-100329,P-1219,West,16,2024-12-08T00:00:00.000Z
S-100330,P-1008,South,68,2024-12-29T00:00:00.000Z
S-100331,P-1171,West,30,2024-05-11T00:00:00.000Z
S-100332,P-1127,East,78,2024-04-10T00:00:00.000Z
S-100333,P-1139,North,64,2024-05-28T00:00:00.000Z
S-100334,P-1029,Central,70,2024-03-27T00:00:00.000Z
S-100335,P-1070,North,48,2024-02-11T00:00:00.000Z
S-100336,P-1196,Central,30,2024-08-05T00:00:00.000Z
S-100337,P-1017,Central,2,2024-04-03T00:00:00.000Z
S-100338,P-1036,Central,68,2024-07-14T00:00:00.000Z
S-100339,P-1131,South,70,2024-11-01T00:00:00.000Z
S-100340,P-1029,West,38,2024-05-19T00:00:00.000Z
S-100341,P-1085,East,1,2024-06-10T00:00:00.000Z
S-100342,P-1046,East,8,2024-01-22T00:00:00.000Z
S-100343,P-1088,West,24,2024-11-17T00:00:00.000Z
S-100344,P-1057,East,27,2024-02-02T00:00:00.000Z
S-100345,P-1036,East,54,2024-04-05T00:00:00.000Z
S-100346,P-1158,West,47,2024-10-19T00:00:00.000Z
S-100347,P-1188,North,72,2024-08-03T00:00:00.000Z
S-100348,P-1069,East,33,2024-06-01T00:00:00.000Z
S-100349,P-1012,West,78,2024-03-09T00:00:00.000Z
S-100350,P-1153,East,77,2024-12-05T00:00:00.000Z
S-100351,P-1215,North,38,2024-03-13T00:00:00.000Z
S-100352,P-1197,South,68,2024-12-17T00:00:00.000Z
S-100353,P-1114,West,29,2024-09-01T00:00:00.000Z
S-100354,P-1112,South,45,2024-08-04T00:00:00.000Z
S-100355,P-1040,East,66,2024-10-07T00:00:00.000Z
S-100356,P-1062,South,27,2024-06-30T00:00:00.000Z
S-100357,P-1146,East,74,2024-07-07T00:00:00.000Z
S-100358,P-1136,East,20,2024-05-10T00:00:00.000Z
S-100359,P-1179,North,3,2024-01-10T00:00:00.000Z
S-100360,P-1222,East,36,2024-11-08T00:00:00.000Z
S-100361,P-1213,North,75,2024-06-25T00:00:00.000Z
S-100362,P-1192,South,20,2024-03-03T00:00:00.000Z
S-100363,P-1019,South,45,2024-07-27T00:00:00.000Z
S-100364,P-1066,Central,4,2024-08-26T00:00:00.000Z
S-100365,P-1174,South,63,2024-10-06T00:00:00.000Z
S-100366,P-1239,South,20,2024-02-22T00:00:00.000Z
S-100367,P-1011,South,40,2024-06-15T00:00:00.000Z
S-100368,P-1009,West,1,2024-01-21T00:00:00.000Z
S-100369,P-1203,West,26,2024-10-30T00:00:00.000Z
S-100370,P-1221,West,52,2024-05-02T00:00:00.000Z
S-100371,P-1084,Central,63,2024-10-23T00:00:00.000Z
S-100372,P-1159,North,37,2024-09-23T00:00:00.000Z
S-100373,P-1166,South,51,2024-03-12T00:00:00.000Z
S-100374,P-1006,South,52,2024-05-04T00:00:00.000Z
S-100375,P-1036,East,40,2024-03-20T00:00:00.000Z
S-100376,P-1180,North,18,2024-11-07T00:00:00.000Z
S-100377,P-1109,Central,45,2024-08-01T00:00:00.000Z
S-100378,P-1045,West,47,2024-12-23T00:00:00.000Z
S-100379,P-1132,South,5,2024-11-22T00:00:00.000Z
S-100380,P-1076,South,9,2024-06-09T00:00:00.000Z
S-100381,P-1151,West,71,2024-08-07T00:00:00.000Z
S-100382,P-1029,South,33,2024-02-16T00:00:00.000Z
S-100383,P-1046,West,9,2024-11-29T00:00:00.000Z
S-100384,P-1088,North,56,2024-04-01T00:00:00.000Z
S-100385,P-1232,West,20,2024-02-18T00:00:00.000Z
S-100386,P-1002,North,44,2024-09-15T00:00:00.000Z
S-100387,P-1145,Central,56,2024-06-10T00:00:00.000Z
S-100388,P-1115,West,65,2024-11-04T00:00:00.000Z
S-100389,P-1229,West,8,2024-08-28T00:00:00.000Z
S-100390,P-1044,South,64,2024-01-10T00:00:00.000Z
S-100391,P-1104,South,20,2024-05-17T00:00:00.000Z
S-100392,P-1000,Central,17,2024-02-18T00:00:00.000Z
S-100393,P-1186,South,72,2024-06-22T00:00:00.000Z
S-100394,P-1216,North,59,2024-09-06T00:00:00.000Z
S-100395,P-1092,Central,58,2024-04-08T00:00:00.000Z
S-100396,P-1166,East,60,2024-07-21T00:00:00.000Z
S-100397,P-1135,Central,4,2024-05-05T00:00:00.000Z
S-100398,P-1179,West,9,2024-02-10T00:00:00.000Z
S-100399,P-1213,North,13,2024-05-05T00:00:00.000Z
S-100400,P-1181,West,18,2024-02-17T00:00:00.000Z
S-100401,P-1044,South,6,2024-10-16T00:00:00.000Z
S-100402,P-1126,North,69,2024-02-09T00:00:00.000Z
S-100403,P-1204,South,5,2024-02-23T00:00:00.000Z
S-100404,P-1191,North,61,2024-11-13T00:00:00.000Z
S-100405,P-1006,South,66,2024-07-03T00:00:00.000Z
S-100406,P-1164,South,45,2024-09-10T00:00:00.000Z
S-100407,P-1192,South,1,2024-12-10T00:00:00.000Z
S-100408,P-1200,West,7,2024-06-26T00:00:00.000Z
S-100409,P-1012,East,22,2024-12-27T00:00:00.000Z
S-100410,P-1049,North,33,2024-07-24T00:00:00.000Z
S-100411,P-1059,Central,35,2024-08-11T00:00:00.000Z
S-100412,P-1127,East,7,2024-06-12T00:00:00.000Z
S-100413,P-1118,North,72,2024-06-17T00:00:00.000Z
S-100414,P-1144,South,73,2024-09-08T00:00:00.000Z
S-100415,P-1153,North,40,2024-02-16T00:00:00.000Z
S-100416,P-1236,East,25,2024-03-30T00:00:00.000Z
S-100417,P-1078,South,61,2024-11-24T00:00:00.000Z
S-100418,P-1090,West,63,2024-07-17T00:00:00.000Z
S-100419,P-1208,West,60,2024-09-17T00:00:00.000Z
S-100420,P-1053,East,70,2024-11-11T00:00:00.000Z
S-100421,P-1032,North,1,2024-12-05T00:00:00.000Z
S-100422,P-1003,Central,57,2024-04-17T00:00:00.000Z
S-100423,P-1117,Central,1,2024-01-08T00:00:00.000Z
S-100424,P-1063,West,72,2024-06-28T00:00:00.000Z
S-100425,P-1109,Central,25,2024-01-12T00:00:00.000Z
S-100426,P-1174,East,4,2024-06-15T00:00:00.000Z
S-100427,P-1070,North,64,2024-04-26T00:00:00.000Z
S-100428,P-1052,South,44,2024-09-05T00:00:00.000Z
S-100429,P-1047,West,37,2024-04-09T00:00:00.000Z
S-100430,P-1182,East,67,2024-07-24T00:00:00.000Z
S-100431,P-1007,Central,73,2024-08-03T00:00:00.000Z
S-100432,P-1201,Central,53,2024-01-22T00:00:00.000Z
S-100433,P-1005,South,70,2024-12-20T00:00:00.000Z
S-100434,P-1111,Central,40,2024-01-26T00:00:00.000Z
S-100435,P-1232,East,61,2024-12-09T00:00:00.000Z
S-100436,P-1230,North,78,2024-01-14T00:00:00.000Z
S-100437,P-1066,West,5,2024-02-21T00:00:00.000Z
S-100438,P-1010,North,6,2024-07-11T00:00:00.000Z
S-100439,P-1106,South,80,2024-01-19T00:00:00.000Z
S-100440,P-1100,West,61,2024-10-05T00:00:00.000Z
S-100441,P-1153,Central,4,2024-06-27T00:00:00.000Z
S-100442,P-1129,West,46,2024-04-27T00:00:00.000Z
S-100443,P-1198,West,42,2024-09-15T00:00:00.000Z
S-100444,P-1066,East,50,2024-05-31T00:00:00.000Z
S-100445,P-1235,Central,38,2024-01-05T00:00:00.000Z
S-100446,P-1055,Central,31,2024-07-10T00:00:00.000Z
S-100447,P-1087,North,60,2024-10-18T00:00:00.000Z
S-100448,P-1078,Central,76,2024-07-26T00:00:00.000Z
S-100449,P-1080,North,18,2024-03-23T00:00:00.000Z
S-100450,P-1026,Central,2,2024-08-20T00:00:00.000Z
S-100451,P-1116,Central,76,2024-07-09T00:00:00.000Z
S-100452,P-1017,South,21,2024-10-31T00:00:00.000Z
S-100453,P-1189,North,63,2024-01-27T00:00:00.000Z
S-100454,P-1007,East,73,2024-08-26T00:00:00.000Z
S-100455,P-1128,Central,55,2024-02-15T00:00:00.000Z
S-100456,P-1135,North,55,2024-02-11T00:00:00.000Z
S-100457,P-1217,South,31,2024-10-11T00:00:00.000Z
S-100458,P-1072,West,34,2024-04-22T00:00:00.000Z
S-100459,P-1061,North,54,2024-11-22T00:00:00.000Z
S-100460,P-1238,Central,63,2024-07-05T00:00:00.000Z
S-100461,P-1207,West,68,2024-08-17T00:00:00.000Z
S-100462,P-1006,West,28,2024-05-18T00:00:00.000Z
S-100463,P-1030,East,48,2024-02-29T00:00:00.000Z
S-100464,P-1105,West,46,2024-02-05T00:00:00.000Z
S-100465,P-1096,North,65,2024-02-24T00:00:00.000Z
S-100466,P-1028,South,61,2024-05-28T00:00:00.000Z
S-100467,P-1027,North,16,2024-04-19T00:00:00.000Z
S-100468,P-1103,Central,25,2024-06-08T00:00:00.000Z
S-100469,P-1014,West,20,2024-09-22T00:00:00.000Z
S-100470,P-1080,East,31,2024-06-16T00:00:00.000Z
S-100471,P-1221,East,80,2024-01-17T00:00:00.000Z
S-100472,P-1112,West,56,2024-06-23T00:00:00.000Z
S-100473,P-1169,South,16,2024-07-21T00:00:00.000Z
S-100474,P-1037,East,18,2024-10-05T00:00:00.000Z
S-100475,P-1085,East,51,2024-09-05T00:00:00.000Z
S-100476,P-1131,Central,44,2024-12-12T00:00:00.000Z
S-100477,P-1121,North,16,2024-05-10T00:00:00.000Z
S-100478,P-1116,Central,71,2024-12-26T00:00:00.000Z
S-100479,P-1144,North,80,2024-10-21T00:00:00.000Z
S-100480,P-1143,South,48,2024-12-08T00:00:00.000Z
S-100481,P-1103,Central,76,2024-05-02T00:00:00.000Z
S-100482,P-1168,Central,71,2024-05-06T00:00:00.000Z
S-100483,P-1076,West,62,2024-02-07T00:00:00.000Z
S-100484,P-1129,South,7,2024-08-04T00:00:00.000Z
S-100485,P-1127,Central,68,2024-05-09T00:00:00.000Z
S-100486,P-1132,West,32,2024-01-25T00:00:00.000Z
S-100487,P-1036,North,64,2024-05-02T00:00:00.000Z
S-100488,P-1195,Central,51,2024-03-30T00:00:00.000Z
S-100489,P-1031,Central,2,2024-11-04T00:00:00.000Z
S-100490,P-1011,North,30,2024-06-14T00:00:00.000Z
S-100491,P-1104,Central,42,2024-01-17T00:00:00.000Z
S-100492,P-1172,Central,69,2024-05-09T00:00:00.000Z
S-100493,P-1069,South,55,2024-02-06T00:00:00.000Z
S-100494,P-1160,North,67,2024-03-15T00:00:00.000Z
S-100495,P-1107,East,2,2024-06-10T00:00:00.000Z
S-100496,P-1161,East,79,2024-06-24T00:00:00.000Z
S-100497,P-1182,North,63,2024-12-14T00:00:00.000Z
S-100498,P-1024,East,75,2024-05-30T00:00:00.000Z
S-100499,P-1185,Central,43,2024-03-05T00:00:00.000Z
S-100500,P-1011,East,65,2024-08-13T00:00:00.000Z
S-100501,P-1054,South,55,2024-03-08T00:00:00.000Z
S-100502,P-1223,Central,33,2024-11-17T00:00:00.000Z
S-100503,P-1045,East,44,2024-04-11T00:00:00.000Z
S-100504,P-1162,Central,75,2024-07-15T00:00:00.000Z
S-100505,P-1235,Central,79,2024-11-23T00:00:00.000Z
S-100506,P-1048,South,13,2024-07-19T00:00:00.000Z
S-100507,P-1031,East,48,2024-09-13T00:00:00.000Z
S-100508,P-1096,North,47,2024-10-11T00:00:00.000Z
S-100509,P-1121,West,80,2024-07-28T00:00:00.000Z
S-100510,P-1201,South,40,2024-05-19T00:00:00.000Z
S-100511,P-1049,North,66,2024-01-16T00:00:00.000Z
S-100512,P-1165,South,73,2024-05-31T00:00:00.000Z
S-100513,P-1206,Central,50,2024-11-24T00:00:00.000Z
S-100514,P-1161,South,14,2024-01-09T00:00:00.000Z
S-100515,P-1053,South,6,2024-06-12T00:00:00.000Z
S-100516,P-1028,North,40,2024-12-10T00:00:00.000Z
S-100517,P-1116,South,49,2024-06-19T00:00:00.000Z
S-100518,P-1015,South,23,2024-02-21T00:00:00.000Z
S-100519,P-1008,East,20,2024-07-09T00:00:00.000Z
S-100520,P-1153,South,62,2024-05-25T00:00:00.000Z
S-100521,P-1078,Central,5,2024-02-27T00:00:00.000Z
S-100522,P-1112,South,14,2024-01-10T00:00:00.000Z
S-100523,P-1097,North,80,2024-04-17T00:00:00.000Z
S-100524,P-1012,East,6,2024-07-25T00:00:00.000Z
S-100525,P-1029,South,69,2024-11-19T00:00:00.000Z
S-100526,P-1127,West,76,2024-04-02T00:00:00.000Z
S-100527,P-1165,East,73,2024-03-25T00:00:00.000Z
S-100528,P-1204,East,33,2024-06-18T00:00:00.000Z
S-100529,P-1052,South,9,2024-11-08T00:00:00.000Z
S-100530,P-1181,East,58,2024-05-19T00:00:00.000Z
S-100531,P-1069,East,57,2024-05-02T00:00:00.000Z
S-100532,P-1061,Central,18,2024-04-20T00:00:00.000Z
S-100533,P-1093,South,75,2024-08-11T00:00:00.000Z
S-100534,P-1002,West,41,2024-10-21T00:00:00.000Z
S-100535,P-1113,North,54,2024-10-13T00:00:00.000Z
S-100536,P-1052,Central,12,2024-07-31T00:00:00.000Z
S-100537,P-1176,South,15,2024-12-20T00:00:00.000Z
S-100538,P-1038,East,27,2024-03-27T00:00:00.000Z
S-100539,P-1086,East,58,2024-05-31T00:00:00.000Z
S-100540,P-1073,Central,20,2024-12-13T00:00:00.000Z
S-100541,P-1011,North,71,2024-12-23T00:00:00.000Z
S-100542,P-1011,West,28,2024-01-26T00:00:00.000Z
S-100543,P-1203,West,42,2024-12-17T00:00:00.000Z
S-100544,P-1181,Central,25,2024-07-27T00:00:00.000Z
S-100545,P-1068,West,34,2024-03-26T00:00:00.000Z
S-100546,P-1042,West,33,2024-01-16T00:00:00.000Z
S-100547,P-1123,North,31,2024-06-20T00:00:00.000Z
S-100548,P-1144,Central,47,2024-01-14T00:00:00.000Z
S-100549,P-1148,East,26,2024-09-07T00:00:00.000Z
S-100550,P-1021,South,52,2024-01-13T00:00:00.000Z
S-100551,P-1192,West,14,2024-09-28T00:00:00.000Z
S-100552,P-1005,South,10,2024-03-14T00:00:00.000Z
S-100553,P-1104,Central,7,2024-11-25T00:00:00.000Z
S-100554,P-1002,Central,72,2024-02-01T00:00:00.000Z
S-100555,P-1163,Central,39,2024-04-13T00:00:00.000Z
S-100556,P-1227,East,74,2024-10-24T00:00:00.000Z
S-100557,P-1019,South,72,2024-06-04T00:00:00.000Z
S-100558,P-1095,North,38,2024-12-04T00:00:00.000Z
S-100559,P-1038,North,40,2024-09-14T00:00:00.000Z
S-100560,P-1139,East,43,2024-04-17T00:00:00.000Z
S-100561,P-1162,East,11,2024-06-30T00:00:00.000Z
S-100562,P-1228,North,5,2024-11-05T00:00:00.000Z
S-100563,P-1000,North,39,2024-05-11T00:00:00.000Z
S-100564,P-1162,South,61,2024-07-08T00:00:00.000Z
S-100565,P-1007,South,45,2024-01-08T00:00:00.000Z
S-100566,P-1083,West,8,2024-10-03T00:00:00.000Z
S-100567,P-1109,Central,6,2024-02-26T00:00:00.000Z
S-100568,P-1211,West,9,2024-06-10T00:00:00.000Z
S-100569,P-1172,Central,42,2024-08-21T00:00:00.000Z
S-100570,P-1098,North,65,2024-10-27T00:00:00.000Z
S-100571,P-1060,South,58,2024-11-24T00:00:00.000Z
S-100572,P-1159,South,68,2024-04-09T00:00:00.000Z
S-100573,P-1151,South,31,2024-11-22T00:00:00.000Z
S-100574,P-1010,East,61,2024-05-28T00:00:00.000Z
S-100575,P-1050,South,23,2024-01-08T00:00:00.000Z
S-100576,P-1237,East,21,2024-07-06T00:00:00.000Z
S-100577,P-1025,East,80,2024-07-06T00:00:00.000Z
S-100578,P-1036,East,80,2024-12-20T00:00:00.000Z
S-100579,P-1154,North,32,2024-04-07T00:00:00.000Z
S-100580,P-1099,South,2,2024-04-02T00:00:00.000Z
S-100581,P-1155,East,17,2024-05-05T00:00:00.000Z
S-100582,P-1018,North,18,2024-02-20T00:00:00.000Z
S-100583,P-1132,East,52,2024-07-24T00:00:00.000Z
S-100584,P-1005,West,34,2024-01-05T00:00:00.000Z
S-100585,P-1145,North,42,2024-11-14T00:00:00.000Z
S-100586,P-1194,North,4,2024-03-02T00:00:00.000Z
S-100587,P-1086,Central,38,2024-07-28T00:00:00.000Z
S-100588,P-1092,Central,50,2024-07-08T00:00:00.000Z
S-100589,P-1021,East,46,2024-11-10T00:00:00.000Z
S-100590,P-1135,East,26,2024-03-01T00:00:00.000Z
S-100591,P-1018,East,13,2024-05-04T00:00:00.000Z
S-100592,P-1182,Central,61,2024-07-26T00:00:00.000Z
S-100593,P-1034,West,29,2024-12-19T00:00:00.000Z
S-100594,P-1009,North,1,2024-07-05T00:00:00.000Z
S-100595,P-1109,North,75,2024-09-20T00:00:00.000Z
S-100596,P-1176,Central,79,2024-04-08T00:00:00.000Z
S-100597,P-1223,South,52,2024-06-03T00:00:00.000Z
S-100598,P-1221,South,72,2024-01-02T00:00:00.000Z
S-100599,P-1222,East,35,2024-07-24T00:00:00.000Z
S-100600,P-1171,West,16,2024-02-17T00:00:00.000Z
S-100601,P-1052,North,9,2024-09-25T00:00:00.000Z
S-100602,P-1191,East,26,2024-09-20T00:00:00.000Z
S-100603,P-1092,North,17,2024-05-24T00:00:00.000Z
S-100604,P-1196,Central,36,2024-06-21T00:00:00.000Z
S-100605,P-1208,West,40,2024-02-06T00:00:00.000Z
S-100606,P-1150,South,52,2024-09-01T00:00:00.000Z
S-100607,P-1168,East,54,2024-03-24T00:00:00.000Z
S-100608,P-1096,West,21,2024-07-30T00:00:00.000Z
S-100609,P-1039,Central,18,2024-09-24T00:00:00.000Z
S-100610,P-1033,West,55,2024-03-21T00:00:00.000Z
S-100611,P-1141,Central,25,2024-08-18T00:00:00.000Z
S-100612,P-1093,East,66,2024-06-12T00:00:00.000Z
S-100613,P-1058,Central,13,2024-06-07T00:00:00.000Z
S-100614,P-1061,West,43,2024-10-21T00:00:00.000Z
S-100615,P-1224,Central,66,2024-10-21T00:00:00.000Z
S-100616,P-1065,South,67,2024-09-27T00:00:00.000Z
S-100617,P-1137,Central,10,2024-11-26T00:00:00.000Z
S-100618,P-1057,West,74,2024-07-26T00:00:00.000Z
S-100619,P-1117,South,11,2024-08-24T00:00:00.000Z
S-100620,P-1230,South,33,2024-10-02T00:00:00.000Z
S-100621,P-1121,East,52,2024-11-14T00:00:00.000Z
S-100622,P-1006,Central,37,2024-06-10T00:00:00.000Z
S-100623,P-1025,South,9,2024-10-20T00:00:00.000Z
S-100624,P-1171,Central,75,2024-02-15T00:00:00.000Z
S-100625,P-1195,South,40,2024-05-04T00:00:00.000Z
S-100626,P-1239,West,65,2024-09-04T00:00:00.000Z
S-100627,P-1042,Central,5,2024-04-18T00:00:00.000Z
S-100628,P-1156,East,63,2024-11-26T00:00:00.000Z
S-100629,P-1205,North,59,2024-08-12T00:00:00.000Z
S-100630,P-1188,West,77,2024-03-24T00:00:00.000Z
S-100631,P-1227,Central,79,2024-05-07T00:00:00.000Z
S-100632,P-1112,South,29,2024-03-31T00:00:00.000Z
S-100633,P-1092,East,79,2024-04-16T00:00:00.000Z
S-100634,P-1042,West,55,2024-08-30T00:00:00.000Z
S-100635,P-1152,South,43,2024-07-18T00:00:00.000Z
S-100636,P-1117,North,39,2024-10-15T00:00:00.000Z
S-100637,P-1116,North,15,2024-11-10T00:00:00.000Z
S-100638,P-1211,East,8,2024-08-12T00:00:00.000Z
S-100639,P-1078,Central,31,2024-12-25T00:00:00.000Z
S-100640,P-1121,West,51,2024-01-30T00:00:00.000Z
S-100641,P-1099,West,38,2024-09-26T00:00:00.000Z
S-100642,P-1201,Central,10,2024-03-24T00:00:00.000Z
S-100643,P-1088,North,68,2024-03-19T00:00:00.000Z
S-100644,P-1232,North,66,2024-03-25T00:00:00.000Z
S-100645,P-1057,Central,6,2024-06-01T00:00:00.000Z
S-100646,P-1107,West,5,2024-08-08T00:00:00.000Z
S-100647,P-1080,North,39,2024-11-24T00:00:00.000Z
S-100648,P-1080,West,10,2024-01-15T00:00:00.000Z
S-100649,P-1015,Central,17,2024-03-25T00:00:00.000Z
S-100650,P-1017,East,4,2024-08-16T00:00:00.000Z
S-100651,P-1213,North,15,2024-10-30T00:00:00.000Z
S-100652,P-1215,East,24,2024-12-02T00:00:00.000Z
S-100653,P-1103,South,48,2024-08-30T00:00:00.000Z
S-100654,P-1127,South,32,2024-03-23T00:00:00.000Z
S-100655,P-1202,South,46,2024-01-09T00:00:00.000Z
S-100656,P-1152,North,60,2024-06-29T00:00:00.000Z
S-100657,P-1090,East,7,2024-11-21T00:00:00.000Z
S-100658,P-1121,North,46,2024-02-02T00:00:00.000Z
S-100659,P-1104,West,14,2024-11-04T00:00:00.000Z
S-100660,P-1187,West,48,2024-06-13T00:00:00.000Z
S-100661,P-1179,East,30,2024-01-10T00:00:00.000Z
S-100662,P-1062,East,66,2024-02-13T00:00:00.000Z
S-100663,P-1168,West,8,2024-11-11T00:00:00.000Z
S-100664,P-1025,South,55,2024-09-12T00:00:00.000Z
S-100665,P-1149,North,30,2024-01-15T00:00:00.000Z
S-100666,P-1148,Central,80,2024-04-19T00:00:00.000Z
S-100667,P-1071,West,14,2024-02-13T00:00:00.000Z
S-100668,P-1220,West,12,2024-04-09T00:00:00.000Z
S-100669,P-1053,South,2,2024-04-01T00:00:00.000Z
S-100670,P-1040,East,32,2024-09-06T00:00:00.000Z
S-100671,P-1129,Central,2,2024-07-18T00:00:00.000Z
S-100672,P-1100,Central,56,2024-07-27T00:00:00.000Z
S-100673,P-1141,South,46,2024-09-11T00:00:00.000Z
S-100674,P-1224,North,75,2024-09-17T00:00:00.000Z
S-100675,P-1012,Central,20,2024-05-23T00:00:00.000Z
S-100676,P-1076,North,76,2024-11-13T00:00:00.000Z
S-100677,P-1204,Central,52,2024-06-23T00:00:00.000Z
S-100678,P-1042,West,77,2024-08-28T00:00:00.000Z
S-100679,P-1030,North,70,2024-09-05T00:00:00.000Z
S-100680,P-1233,West,40,2024-07-01T00:00:00.000Z
S-100681,P-1161,Central,67,2024-11-13T00:00:00.000Z
S-100682,P-1117,South,22,2024-08-02T00:00:00.000Z
S-100683,P-1073,West,20,2024-10-14T00:00:00.000Z
S-100684,P-1153,South,65,2024-11-26T00:00:00.000Z
S-100685,P-1169,West,72,2024-04-21T00:00:00.000Z
S-100686,P-1167,South,63,2024-09-08T00:00:00.000Z
S-100687,P-1092,Central,68,2024-06-16T00:00:00.000Z
S-100688,P-1158,West,75,2024-02-23T00:00:00.000Z
S-100689,P-1120,West,17,2024-04-29T00:00:00.000Z
S-100690,P-1047,West,74,2024-12-24T00:00:00.000Z
S-100691,P-1054,North,62,2024-11-08T00:00:00.000Z
S-100692,P-1007,North,29,2024-05-07T00:00:00.000Z
S-100693,P-1147,South,56,2024-07-29T00:00:00.000Z
S-100694,P-1186,Central,69,2024-03-26T00:00:00.000Z
S-100695,P-1029,South,44,2024-12-22T00:00:00.000Z
S-100696,P-1108,South,35,2024-11-23T00:00:00.000Z
S-100697,P-1191,East,56,2024-12-13T00:00:00.000Z
S-100698,P-1211,East,44,2024-06-12T00:00:00.000Z
S-100699,P-1062,West,47,2024-06-22T00:00:00.000Z
S-100700,P-1207,East,56,2024-10-30T00:00:00.000Z
S-100701,P-1209,North,15,2024-03-13T00:00:00.000Z
S-100702,P-1176,North,28,2024-10-02T00:00:00.000Z
S-100703,P-1054,North,3,2024-07-19T00:00:00.000Z
S-100704,P-1053,Central,31,2024-10-13T00:00:00.000Z
S-100705,P-1064,East,47,2024-08-17T00:00:00.000Z
S-100706,P-1234,West,26,2024-11-11T00:00:00.000Z
S-100707,P-1055,South,49,2024-01-26T00:00:00.000Z
S-100708,P-1112,East,60,2024-02-18T00:00:00.000Z
S-100709,P-1210,North,29,2024-12-10T00:00:00.000Z
S-100710,P-1145,South,51,2024-12-21T00:00:00.000Z
S-100711,P-1067,East,33,2024-12-29T00:00:00.000Z
S-100712,P-1078,West,55,2024-01-05T00:00:00.000Z
S-100713,P-1159,West,13,2024-04-09T00:00:00.000Z
S-100714,P-1101,West,58,2024-09-26T00:00:00.000Z
S-100715,P-1131,West,8,2024-04-27T00:00:00.000Z
S-100716,P-1071,East,62,2024-04-18T00:00:00.000Z
S-100717,P-1049,North,12,2024-01-31T00:00:00.000Z
S-100718,P-1025,North,64,2024-06-18T00:00:00.000Z
S-100719,P-1145,South,59,2024-08-23T00:00:00.000Z
S-100720,P-1116,South,36,2024-06-17T00:00:00.000Z
S-100721,P-1019,East,66,2024-09-28T00:00:00.000Z
S-100722,P-1196,West,44,2024-08-07T00:00:00.000Z
S-100723,P-1129,West,79,2024-09-15T00:00:00.000Z
S-100724,P-1001,North,71,2024-05-02T00:00:00.000Z
S-100725,P-1217,Central,23,2024-05-12T00:00:00.000Z
S-100726,P-1058,East,59,2024-09-07T00:00:00.000Z
S-100727,P-1070,Central,16,2024-08-06T00:00:00.000Z
S-100728,P-1075,North,17,2024-11-14T00:00:00.000Z
S-100729,P-1216,Central,28,2024-01-26T00:00:00.000Z
S-100730,P-1233,East,53,2024-04-23T00:00:00.000Z
S-100731,P-1228,Central,37,2024-01-26T00:00:00.000Z
S-100732,P-1053,South,28,2024-01-01T00:00:00.000Z
S-100733,P-1222,North,24,2024-11-23T00:00:00.000Z
S-100734,P-1023,South,70,2024-10-30T00:00:00.000Z
S-100735,P-1195,South,42,2024-05-13T00:00:00.000Z
S-100736,P-1046,West,30,2024-09-21T00:00:00.000Z
S-100737,P-1024,South,34,2024-11-26T00:00:00.000Z
S-100738,P-1157,East,11,2024-12-28T00:00:00.000Z
S-100739,P-1074,Central,28,2024-10-15T00:00:00.000Z
S-100740,P-1204,North,36,2024-10-09T00:00:00.000Z
S-100741,P-1102,Central,37,2024-09-11T00:00:00.000Z
S-100742,P-1088,South,19,2024-04-04T00:00:00.000Z
S-100743,P-1219,West,18,2024-02-25T00:00:00.000Z
S-100744,P-1118,North,75,2024-07-28T00:00:00.000Z
S-100745,P-1096,South,18,2024-06-06T00:00:00.000Z
S-100746,P-1064,South,31,2024-01-02T00:00:00.000Z
S-100747,P-1043,West,41,2024-03-06T00:00:00.000Z
S-100748,P-1110,South,73,2024-01-15T00:00:00.000Z
S-100749,P-1039,West,7,2024-06-25T00:00:00.000Z
S-100750,P-1021,South,10,2024-04-29T00:00:00.000Z
S-100751,P-1094,Central,8,2024-08-29T00:00:00.000Z
S-100752,P-1136,Central,3,2024-10-19T00:00:00.000Z
S-100753,P-1131,South,28,2024-12-21T00:00:00.000Z
S-100754,P-1178,North,5,2024-01-17T00:00:00.000Z
S-100755,P-1110,East,60,2024-08-09T00:00:00.000Z
S-100756,P-1239,West,61,2024-07-06T00:00:00.000Z
S-100757,P-1150,East,21,2024-07-03T00:00:00.000Z
S-100758,P-1043,East,1,2024-09-11T00:00:00.000Z
S-100759,P-1214,West,6,2024-10-22T00:00:00.000Z
S-100760,P-1075,South,16,2024-08-04T00:00:00.000Z
S-100761,P-1026,West,43,2024-04-20T00:00:00.000Z
S-100762,P-1227,Central,67,2024-12-18T00:00:00.000Z
S-100763,P-1083,North,37,2024-02-03T00:00:00.000Z
S-100764,P-1177,East,30,2024-07-29T00:00:00.000Z
S-100765,P-1114,Central,79,2024-05-01T00:00:00.000Z
S-100766,P-1142,Central,4,2024-11-12T00:00:00.000Z
S-100767,P-1094,North,8,2024-10-28T00:00:00.000Z
S-100768,P-1086,East,6,2024-03-26T00:00:00.000Z
S-100769,P-1156,Central,15,2024-05-15T00:00:00.000Z
S-100770,P-1137,Central,46,2024-06-12T00:00:00.000Z
S-100771,P-1041,East,10,2024-11-25T00:00:00.000Z
S-100772,P-1042,North,37,2024-02-08T00:00:00.000Z
S-100773,P-1166,North,75,2024-09-17T00:00:00.000Z
S-100774,P-1018,North,59,2024-02-07T00:00:00.000Z
S-100775,P-1023,East,54,2024-11-17T00:00:00.000Z
S-100776,P-1184,West,20,2024-11-04T00:00:00.000Z
S-100777,P-1067,North,18,2024-03-23T00:00:00.000Z
S-100778,P-1134,East,60,2024-06-12T00:00:00.000Z
S-100779,P-1170,South,44,2024-07-06T00:00:00.000Z
S-100780,P-1067,West,79,2024-03-24T00:00:00.000Z
S-100781,P-1085,East,22,2024-08-15T00:00:00.000Z
S-100782,P-1072,West,36,2024-11-06T00:00:00.000Z
S-100783,P-1091,North,71,2024-03-31T00:00:00.000Z
S-100784,P-1132,West,6,2024-07-12T00:00:00.000Z
S-100785,P-1027,West,6,2024-10-09T00:00:00.000Z
S-100786,P-1004,North,33,2024-04-17T00:00:00.000Z
S-100787,P-1229,South,28,2024-08-20T00:00:00.000Z
S-100788,P-1157,West,70,2024-08-19T00:00:00.000Z
S-100789,P-1236,Central,78,2024-04-29T00:00:00.000Z
S-100790,P-1207,North,17,2024-07-24T00:00:00.000Z
S-100791,P-1107,West,23,2024-03-22T00:00:00.000Z
S-100792,P-1216,North,69,2024-10-05T00:00:00.000Z
S-100793,P-1030,North,65,2024-05-01T00:00:00.000Z
S-100794,P-1029,North,15,2024-07-29T00:00:00.000Z
S-100795,P-1157,North,43,2024-11-14T00:00:00.000Z
S-100796,P-1216,North,38,2024-01-25T00:00:00.000Z
S-100797,P-1123,East,44,2024-06-11T00:00:00.000Z
S-100798,P-1017,Central,34,2024-12-28T00:00:00.000Z
S-100799,P-1034,East,26,2024-01-14T00:00:00.000Z
S-100800,P-1130,Central,9,2024-10-13T00:00:00.000Z
S-100801,P-1055,North,42,2024-04-07T00:00:00.000Z
S-100802,P-1192,North,8,2024-06-12T00:00:00.000Z
S-100803,P-1022,Central,50,2024-03-29T00:00:00.000Z
S-100804,P-1228,North,63,2024-07-02T00:00:00.000Z
S-100805,P-1201,West,27,2024-08-30T00:00:00.000Z
S-100806,P-1070,North,43,2024-05-27T00:00:00.000Z
S-100807,P-1057,East,7,2024-03-05T00:00:00.000Z
S-100808,P-1237,West,14,2024-03-12T00:00:00.000Z
S-100809,P-1110,East,57,2024-01-29T00:00:00.000Z
S-100810,P-1026,North,30,2024-06-19T00:00:00.000Z
S-100811,P-1153,East,70,2024-06-18T00:00:00.000Z
S-100812,P-1032,South,46,2024-08-13T00:00:00.000Z
S-100813,P-1172,East,75,2024-11-21T00:00:00.000Z
S-100814,P-1054,North,53,2024-04-30T00:00:00.000Z
S-100815,P-1011,North,35,2024-09-06T00:00:00.000Z
S-100816,P-1166,South,21,2024-07-22T00:00:00.000Z
S-100817,P-1193,East,72,2024-11-27T00:00:00.000Z
S-100818,P-1206,West,24,2024-07-08T00:00:00.000Z
S-100819,P-1125,East,45,2024-03-18T00:00:00.000Z
S-100820,P-1219,North,18,2024-09-28T00:00:00.000Z
S-100821,P-1070,West,9,2024-06-02T00:00:00.000Z
S-100822,P-1212,South,59,2024-06-24T00:00:00.000Z
S-100823,P-1135,West,20,2024-03-28T00:00:00.000Z
S-100824,P-1175,Central,77,2024-12-08T00:00:00.000Z
S-100825,P-1036,North,77,2024-10-02T00:00:00.000Z
S-100826,P-1077,South,18,2024-10-14T00:00:00.000Z
S-100827,P-1217,North,23,2024-02-10T00:00:00.000Z
S-100828,P-1150,North,40,2024-11-09T00:00:00.000Z
S-100829,P-1179,Central,67,2024-02-14T00:00:00.000Z
S-100830,P-1120,West,15,2024-03-08T00:00:00.000Z
S-100831,P-1223,South,20,2024-11-01T00:00:00.000Z
S-100832,P-1097,East,4,2024-11-27T00:00:00.000Z
S-100833,P-1191,West,17,2024-07-03T00:00:00.000Z
S-100834,P-1123,South,70,2024-03-09T00:00:00.000Z
S-100835,P-1156,Central,73,2024-03-09T00:00:00.000Z
S-100836,P-1178,North,37,2024-05-07T00:00:00.000Z
S-100837,P-1187,East,38,2024-12-18T00:00:00.000Z
S-100838,P-1108,West,31,2024-08-09T00:00:00.000Z
S-100839,P-1179,North,24,2024-03-17T00:00:00.000Z
S-100840,P-1128,North,20,2024-01-16T00:00:00.000Z
S-100841,P-1149,Central,51,2024-06-24T00:00:00.000Z
S-100842,P-1121,Central,49,2024-05-30T00:00:00.000Z
S-100843,P-1010,East,55,2024-07-28T00:00:00.000Z
S-100844,P-1048,Central,14,2024-08-26T00:00:00.000Z
S-100845,P-1161,East,42,2024-06-01T00:00:00.000Z
S-100846,P-1170,North,27,2024-06-13T00:00:00.000Z
S-100847,P-1053,North,11,2024-12-30T00:00:00.000Z
S-100848,P-1075,South,65,2024-07-23T00:00:00.000Z
S-100849,P-1209,North,30,2024-11-27T00:00:00.000Z
S-100850,P-1053,Central,24,2024-11-12T00:00:00.000Z
S-100851,P-1234,Central,63,2024-12-26T00:00:00.000Z
S-100852,P-1233,North,22,2024-12-22T00:00:00.000Z
S-100853,P-1141,West,5,2024-08-12T00:00:00.000Z
S-100854,P-1167,West,9,2024-03-02T00:00:00.000Z
S-100855,P-1087,North,26,2024-06-15T00:00:00.000Z
S-100856,P-1164,North,57,2024-04-14T00:00:00.000Z
S-100857,P-1215,West,59,2024-04-28T00:00:00.000Z
S-100858,P-1216,West,61,2024-04-14T00:00:00.000Z
S-100859,P-1023,East,8,2024-03-22T00:00:00.000Z
S-100860,P-1124,South,59,2024-12-10T00:00:00.000Z
S-100861,P-1225,West,10,2024-09-16T00:00:00.000Z
S-100862,P-1180,Central,60,2024-02-24T00:00:00.000Z
S-100863,P-1024,South,42,2024-07-25T00:00:00.000Z
S-100864,P-1116,South,36,2024-12-05T00:00:00.000Z
S-100865,P-1131,West,49,2024-08-18T00:00:00.000Z
S-100866,P-1182,Central,54,2024-12-14T00:00:00.000Z
S-100867,P-1041,South,61,2024-05-08T00:00:00.000Z
S-100868,P-1041,South,24,2024-05-27T00:00:00.000Z
S-100869,P-1030,West,47,2024-02-23T00:00:00.000Z
S-100870,P-1206,South,8,2024-01-10T00:00:00.000Z
S-100871,P-1072,North,28,2024-07-10T00:00:00.000Z
S-100872,P-1071,Central,1,2024-09-21T00:00:00.000Z
S-100873,P-1215,South,46,2024-05-11T00:00:00.000Z
S-100874,P-1026,East,8,2024-06-18T00:00:00.000Z
S-100875,P-1018,South,59,2024-10-24T00:00:00.000Z
S-100876,P-1072,South,55,2024-01-08T00:00:00.000Z
S-100877,P-1136,Central,27,2024-10-06T00:00:00.000Z
S-100878,P-1146,West,22,2024-02-11T00:00:00.000Z
S-100879,P-1088,West,9,2024-12-26T00:00:00.000Z
S-100880,P-1025,South,40,2024-05-12T00:00:00.000Z
S-100881,P-1167,South,26,2024-10-09T00:00:00.000Z
S-100882,P-1154,North,52,2024-02-23T00:00:00.000Z
S-100883,P-1014,East,3,2024-08-01T00:00:00.000Z
S-100884,P-1124,North,6,2024-09-12T00:00:00.000Z
S-100885,P-1077,South,74,2024-10-22T00:00:00.000Z
S-100886,P-1107,West,17,2024-07-01T00:00:00.000Z
S-100887,P-1099,North,43,2024-11-03T00:00:00.000Z
S-100888,P-1144,North,65,2024-02-16T00:00:00.000Z
S-100889,P-1157,North,64,2024-09-12T00:00:00.000Z
S-100890,P-1012,South,74,2024-07-28T00:00:00.000Z
S-100891,P-1070,East,54,2024-05-14T00:00:00.000Z
S-100892,P-1041,Central,10,2024-12-12T00:00:00.000Z
S-100893,P-1215,Central,35,2024-08-31T00:00:00.000Z
S-100894,P-1084,South,45,2024-09-30T00:00:00.000Z
S-100895,P-1091,Central,63,2024-04-26T00:00:00.000Z
S-100896,P-1019,West,29,2024-12-18T00:00:00.000Z
S-100897,P-1025,North,30,2024-04-12T00:00:00.000Z
S-100898,P-1024,South,57,2024-09-23T00:00:00.000Z
S-100899,P-1015,West,64,2024-02-11T00:00:00.000Z
S-100900,P-1145,North,58,2024-07-06T00:00:00.000Z
S-100901,P-1009,East,7,2024-04-12T00:00:00.000Z
S-100902,P-1081,East,64,2024-05-05T00:00:00.000Z
S-100903,P-1008,North,10,2024-08-23T00:00:00.000Z
S-100904,P-1167,East,57,2024-08-15T00:00:00.000Z
S-100905,P-1172,East,80,2024-03-12T00:00:00.000Z
S-100906,P-1013,East,53,2024-11-13T00:00:00.000Z
S-100907,P-1017,West,17,2024-05-28T00:00:00.000Z
S-100908,P-1219,Central,63,2024-08-23T00:00:00.000Z
S-100909,P-1173,East,36,2024-04-11T00:00:00.000Z
S-100910,P-1116,North,54,2024-04-27T00:00:00.000Z
S-100911,P-1115,West,12,2024-04-22T00:00:00.000Z
S-100912,P-1022,North,26,2024-05-21T00:00:00.000Z
S-100913,P-1030,Central,29,2024-03-30T00:00:00.000Z
S-100914,P-1164,North,6,2024-02-05T00:00:00.000Z
S-100915,P-1182,South,41,2024-09-02T00:00:00.000Z
S-100916,P-1219,East,55,2024-12-06T00:00:00.000Z
S-100917,P-1026,West,46,2024-04-25T00:00:00.000Z
S-100918,P-1178,South,26,2024-01-13T00:00:00.000Z
S-100919,P-1029,East,47,2024-02-16T00:00:00.000Z
S-100920,P-1058,Central,32,2024-02-14T00:00:00.000Z
S-100921,P-1157,South,61,2024-07-04T00:00:00.000Z
S-100922,P-1064,North,30,2024-12-09T00:00:00.000Z
S-100923,P-1038,North,64,2024-06-20T00:00:00.000Z
S-100924,P-1176,East,6,2024-03-22T00:00:00.000Z
S-100925,P-1229,Central,15,2024-09-03T00:00:00.000Z
S-100926,P-1138,East,3,2024-08-18T00:00:00.000Z
S-100927,P-1208,East,71,2024-02-17T00:00:00.000Z
S-100928,P-1035,North,11,2024-01-16T00:00:00.000Z
S-100929,P-1200,South,19,2024-04-10T00:00:00.000Z
S-100930,P-1109,East,62,2024-07-27T00:00:00.000Z
S-100931,P-1058,Central,29,2024-10-22T00:00:00.000Z
S-100932,P-1198,South,70,2024-03-07T00:00:00.000Z
S-100933,P-1161,South,10,2024-08-02T00:00:00.000Z
S-100934,P-1085,East,3,2024-04-26T00:00:00.000Z
S-100935,P-1150,North,49,2024-10-15T00:00:00.000Z
S-100936,P-1212,West,18,2024-04-29T00:00:00.000Z
S-100937,P-1118,West,55,2024-04-14T00:00:00.000Z
S-100938,P-1003,West,72,2024-01-31T00:00:00.000Z
S-100939,P-1171,East,56,2024-03-27T00:00:00.000Z
S-100940,P-1218,North,72,2024-05-12T00:00:00.000Z
S-100941,P-1174,North,51,2024-07-18T00:00:00.000Z
S-100942,P-1028,Central,30,2024-04-15T00:00:00.000Z
S-100943,P-1007,Central,33,2024-02-20T00:00:00.000Z
S-100944,P-1139,North,28,2024-08-26T00:00:00.000Z
S-100945,P-1221,North,7,2024-06-21T00:00:00.000Z
S-100946,P-1188,North,50,2024-06-11T00:00:00.000Z
S-100947,P-1194,West,45,2024-11-24T00:00:00.000Z
S-100948,P-1078,Central,54,2024-11-13T00:00:00.000Z
S-100949,P-1146,North,71,2024-10-16T00:00:00.000Z
S-100950,P-1029,Central,62,2024-06-23T00:00:00.000Z
S-100951,P-1238,East,6,2024-08-21T00:00:00.000Z
S-100952,P-1083,East,8,2024-04-28T00:00:00.000Z
S-100953,P-1105,South,61,2024-09-04T00:00:00.000Z
S-100954,P-1202,East,50,2024-09-08T00:00:00.000Z
S-100955,P-1150,South,12,2024-12-26T00:00:00.000Z
S-100956,P-1138,West,57,2024-09-15T00:00:00.000Z
S-100957,P-1146,West,39,2024-05-27T00:00:00.000Z
S-100958,P-1185,West,62,2024-10-21T00:00:00.000Z
S-100959,P-1029,East,43,2024-08-03T00:00:00.000Z
S-100960,P-1059,West,44,2024-12-10T00:00:00.000Z
S-100961,P-1167,South,69,2024-06-06T00:00:00.000Z
S-100962,P-1176,West,39,2024-01-12T00:00:00.000Z
S-100963,P-1035,North,59,2024-01-01T00:00:00.000Z
S-100964,P-1221,North,21,2024-10-18T00:00:00.000Z
S-100965,P-1237,Central,8,2024-10-23T00:00:00.000Z
S-100966,P-1115,Central,11,2024-01-31T00:00:00.000Z
S-100967,P-1232,West,60,2024-11-19T00:00:00.000Z
S-100968,P-1135,South,43,2024-01-11T00:00:00.000Z
S-100969,P-1083,North,50,2024-04-24T00:00:00.000Z
S-100970,P-1196,North,54,2024-06-21T00:00:00.000Z
S-100971,P-1169,West,17,2024-03-21T00:00:00.000Z
S-100972,P-1149,West,50,2024-09-10T00:00:00.000Z
S-100973,P-1236,South,59,2024-01-28T00:00:00.000Z
S-100974,P-1112,East,41,2024-08-20T00:00:00.000Z
S-100975,P-1031,South,57,2024-10-18T00:00:00.000Z
S-100976,P-1115,West,35,2024-07-10T00:00:00.000Z
S-100977,P-1191,Central,69,2024-02-09T00:00:00.000Z
S-100978,P-1081,Central,19,2024-06-27T00:00:00.000Z
S-100979,P-1065,South,42,2024-10-05T00:00:00.000Z
S-100980,P-1062,East,51,2024-11-28T00:00:00.000Z
S-100981,P-1057,South,7,2024-09-26T00:00:00.000Z
S-100982,P-1139,Central,39,2024-01-06T00:00:00.000Z
S-100983,P-1162,East,4,2024-05-06T00:00:00.000Z
S-100984,P-1050,North,46,2024-03-15T00:00:00.000Z
S-100985,P-1190,West,1,2024-08-02T00:00:00.000Z
S-100986,P-1172,Central,5,2024-05-25T00:00:00.000Z
S-100987,P-1145,West,17,2024-10-06T00:00:00.000Z
S-100988,P-1096,West,67,2024-12-08T00:00:00.000Z
S-100989,P-1219,West,61,2024-10-12T00:00:00.000Z
S-100990,P-1151,Central,16,2024-03-15T00:00:00.000Z
S-100991,P-1101,West,2,2024-08-22T00:00:00.000Z
S-100992,P-1152,West,70,2024-02-21T00:00:00.000Z
S-100993,P-1212,Central,5,2024-02-27T00:00:00.000Z
S-100994,P-1211,Central,65,2024-12-11T00:00:00.000Z
S-100995,P-1171,South,53,2024-08-31T00:00:00.000Z
S-100996,P-1196,West,40,2024-08-11T00:00:00.000Z
S-100997,P-1149,West,72,2024-02-26T00:00:00.000Z
S-100998,P-1104,Central,21,2024-10-16T00:00:00.000Z
S-100999,P-1166,West,78,2024-08-14T00:00:00.000Z
S-101000,P-1231,North,53,2024-07-12T00:00:00.000Z
S-101001,P-1045,South,32,2024-08-23T00:00:00.000Z
S-101002,P-1046,West,77,2024-12-02T00:00:00.000Z
S-101003,P-1116,Central,34,2024-11-18T00:00:00.000Z
S-101004,P-1159,West,24,2024-03-31T00:00:00.000Z
S-101005,P-1070,Central,70,2024-02-06T00:00:00.000Z
S-101006,P-1140,North,40,2024-10-26T00:00:00.000Z
S-101007,P-1220,East,50,2024-11-07T00:00:00.000Z
S-101008,P-1062,Central,61,2024-12-28T00:00:00.000Z
S-101009,P-1210,East,11,2024-12-20T00:00:00.000Z
S-101010,P-1055,West,19,2024-09-23T00:00:00.000Z
S-101011,P-1048,Central,53,2024-07-10T00:00:00.000Z
S-101012,P-1073,Central,53,2024-02-13T00:00:00.000Z
S-101013,P-1228,South,67,2024-04-13T00:00:00.000Z
S-101014,P-1127,South,23,2024-11-29T00:00:00.000Z
S-101015,P-1001,North,48,2024-04-08T00:00:00.000Z
S-101016,P-1077,South,43,2024-04-20T00:00:00.000Z
S-101017,P-1189,West,62,2024-02-24T00:00:00.000Z
S-101018,P-1166,North,57,2024-06-04T00:00:00.000Z
S-101019,P-1044,North,15,2024-04-17T00:00:00.000Z
S-101020,P-1200,South,30,2024-04-06T00:00:00.000Z
S-101021,P-1140,West,59,2024-07-13T00:00:00.000Z
S-101022,P-1072,East,31,2024-04-05T00:00:00.000Z
S-101023,P-1032,East,31,2024-02-15T00:00:00.000Z
S-101024,P-1004,Central,53,2024-11-29T00:00:00.000Z
S-101025,P-1234,Central,9,2024-01-20T00:00:00.000Z
S-101026,P-1205,South,54,2024-12-29T00:00:00.000Z
S-101027,P-1059,Central,48,2024-02-06T00:00:00.000Z
S-101028,P-1189,North,22,2024-02-15T00:00:00.000Z
S-101029,P-1136,Central,37,2024-08-17T00:00:00.000Z
S-101030,P-1109,Central,2,2024-09-30T00:00:00.000Z
S-101031,P-1059,North,15,2024-04-20T00:00:00.000Z
S-101032,P-1118,West,4,2024-10-26T00:00:00.000Z
S-101033,P-1234,Central,64,2024-10-03T00:00:00.000Z
S-101034,P-1100,South,46,2024-07-27T00:00:00.000Z
S-101035,P-1016,West,23,2024-09-15T00:00:00.000Z
S-101036,P-1092,West,26,2024-10-31T00:00:00.000Z
S-101037,P-1088,North,39,2024-06-15T00:00:00.000Z
S-101038,P-1207,North,62,2024-06-30T00:00:00.000Z
S-101039,P-1039,Central,62,2024-03-21T00:00:00.000Z
S-101040,P-1058,East,29,2024-02-10T00:00:00.000Z
S-101041,P-1217,Central,43,2024-09-04T00:00:00.000Z
S-101042,P-1172,South,70,2024-10-11T00:00:00.000Z
S-101043,P-1025,West,28,2024-03-08T00:00:00.000Z
S-101044,P-1183,East,78,2024-07-26T00:00:00.000Z
S-101045,P-1171,South,33,2024-01-10T00:00:00.000Z
S-101046,P-1138,South,50,2024-04-30T00:00:00.000Z
S-101047,P-1176,North,61,2024-05-20T00:00:00.000Z
S-101048,P-1152,South,79,2024-11-22T00:00:00.000Z
S-101049,P-1053,West,46,2024-11-10T00:00:00.000Z
S-101050,P-1034,North,15,2024-11-07T00:00:00.000Z
S-101051,P-1162,Central,74,2024-09-29T00:00:00.000Z
S-101052,P-1110,West,63,2024-08-16T00:00:00.000Z
S-101053,P-1186,Central,16,2024-11-19T00:00:00.000Z
S-101054,P-1175,South,16,2024-10-17T00:00:00.000Z
S-101055,P-1185,South,75,2024-03-01T00:00:00.000Z
S-101056,P-1134,West,77,2024-12-10T00:00:00.000Z
S-101057,P-1198,West,38,2024-02-04T00:00:00.000Z
S-101058,P-1212,West,37,2024-02-05T00:00:00.000Z
S-101059,P-1161,Central,36,2024-10-27T00:00:00.000Z
S-101060,P-1191,East,47,2024-04-07T00:00:00.000Z
S-101061,P-1014,East,74,2024-08-23T00:00:00.000Z
S-101062,P-1038,West,8,2024-12-26T00:00:00.000Z
S-101063,P-1170,East,63,2024-10-21T00:00:00.000Z
S-101064,P-1001,West,76,2024-01-18T00:00:00.000Z
S-101065,P-1083,Central,32,2024-09-10T00:00:00.000Z
S-101066,P-1135,West,2,2024-06-25T00:00:00.000Z
S-101067,P-1109,West,43,2024-01-19T00:00:00.000Z
S-101068,P-1103,North,8,2024-01-12T00:00:00.000Z
S-101069,P-1214,West,41,2024-01-02T00:00:00.000Z
S-101070,P-1042,East,33,2024-06-10T00:00:00.000Z
S-101071,P-1177,Central,5,2024-08-22T00:00:00.000Z
S-101072,P-1076,South,80,2024-02-25T00:00:00.000Z
S-101073,P-1207,North,46,2024-01-31T00:00:00.000Z
S-101074,P-1138,Central,48,2024-06-08T00:00:00.000Z
S-101075,P-1063,Central,58,2024-04-02T00:00:00.000Z
S-101076,P-1236,Central,37,2024-09-27T00:00:00.000Z
S-101077,P-1197,Central,72,2024-03-06T00:00:00.000Z
S-101078,P-1231,East,22,2024-07-16T00:00:00.000Z
S-101079,P-1139,West,17,2024-04-24T00:00:00.000Z
S-101080,P-1215,North,45,2024-01-02T00:00:00.000Z
S-101081,P-1046,North,76,2024-04-05T00:00:00.000Z
S-101082,P-1155,East,62,2024-07-03T00:00:00.000Z
S-101083,P-1195,North,42,2024-07-22T00:00:00.000Z
S-101084,P-1182,Central,54,2024-03-15T00:00:00.000Z
S-101085,P-1180,East,25,2024-07-03T00:00:00.000Z
S-101086,P-1026,North,16,2024-10-18T00:00:00.000Z
S-101087,P-1112,North,52,2024-01-25T00:00:00.000Z
S-101088,P-1173,East,55,2024-01-24T00:00:00.000Z
S-101089,P-1037,West,44,2024-04-08T00:00:00.000Z
S-101090,P-1176,West,79,2024-09-29T00:00:00.000Z
S-101091,P-1018,West,3,2024-03-24T00:00:00.000Z
S-101092,P-1208,Central,15,2024-06-12T00:00:00.000Z
S-101093,P-1055,North,34,2024-04-28T00:00:00.000Z
S-101094,P-1195,East,23,2024-08-29T00:00:00.000Z
S-101095,P-1222,West,31,2024-05-31T00:00:00.000Z
S-101096,P-1041,South,52,2024-01-10T00:00:00.000Z
S-101097,P-1219,Central,6,2024-05-09T00:00:00.000Z
S-101098,P-1207,West,73,2024-11-08T00:00:00.000Z
S-101099,P-1134,Central,52,2024-12-26T00:00:00.000Z
S-101100,P-1075,North,66,2024-03-23T00:00:00.000Z
S-101101,P-1000,East,75,2024-06-09T00:00:00.000Z
S-101102,P-1210,Central,8,2024-06-04T00:00:00.000Z
S-101103,P-1150,Central,68,2024-02-07T00:00:00.000Z
S-101104,P-1193,South,23,2024-08-07T00:00:00.000Z
S-101105,P-1013,North,57,2024-07-16T00:00:00.000Z
S-101106,P-1191,West,77,2024-04-21T00:00:00.000Z
S-101107,P-1104,South,61,2024-06-30T00:00:00.000Z
S-101108,P-1006,North,2,2024-05-14T00:00:00.000Z
S-101109,P-1061,West,39,2024-09-05T00:00:00.000Z
S-101110,P-1024,East,62,2024-04-19T00:00:00.000Z
S-101111,P-1079,South,29,2024-10-19T00:00:00.000Z
S-101112,P-1144,East,80,2024-05-24T00:00:00.000Z
S-101113,P-1121,North,36,2024-12-22T00:00:00.000Z
S-101114,P-1199,South,69,2024-08-19T00:00:00.000Z
S-101115,P-1099,North,10,2024-12-08T00:00:00.000Z
S-101116,P-1080,West,34,2024-02-10T00:00:00.000Z
S-101117,P-1070,East,8,2024-07-01T00:00:00.000Z
S-101118,P-1061,East,76,2024-09-15T00:00:00.000Z
S-101119,P-1196,West,27,2024-09-03T00:00:00.000Z
S-101120,P-1090,West,25,2024-12-29T00:00:00.000Z
S-101121,P-1159,East,35,2024-12-11T00:00:00.000Z
S-101122,P-1157,West,56,2024-11-12T00:00:00.000Z
S-101123,P-1032,South,42,2024-09-27T00:00:00.000Z
S-101124,P-1067,West,46,2024-10-31T00:00:00.000Z
S-101125,P-1224,Central,30,2024-03-10T00:00:00.000Z
S-101126,P-1235,North,32,2024-04-26T00:00:00.000Z
S-101127,P-1204,West,63,2024-03-10T00:00:00.000Z
S-101128,P-1064,East,71,2024-03-16T00:00:00.000Z
S-101129,P-1185,North,65,2024-02-17T00:00:00.000Z
S-101130,P-1198,South,61,2024-05-28T00:00:00.000Z
S-101131,P-1081,East,14,2024-04-30T00:00:00.000Z
S-101132,P-1043,West,76,2024-10-06T00:00:00.000Z
S-101133,P-1142,North,52,2024-05-22T00:00:00.000Z
S-101134,P-1053,West,77,2024-08-07T00:00:00.000Z
S-101135,P-1103,West,54,2024-10-02T00:00:00.000Z
S-101136,P-1004,West,41,2024-10-25T00:00:00.000Z
S-101137,P-1094,East,27,2024-09-09T00:00:00.000Z
S-101138,P-1193,North,32,2024-03-13T00:00:00.000Z
S-101139,P-1161,Central,63,2024-12-23T00:00:00.000Z
S-101140,P-1081,East,34,2024-11-22T00:00:00.000Z
S-101141,P-1069,Central,60,2024-05-04T00:00:00.000Z
S-101142,P-1129,North,45,2024-02-25T00:00:00.000Z
S-101143,P-1044,South,79,2024-07-13T00:00:00.000Z
S-101144,P-1075,East,64,2024-03-20T00:00:00.000Z
S-101145,P-1171,West,7,2024-02-10T00:00:00.000Z
S-101146,P-1105,Central,41,2024-09-23T00:00:00.000Z
S-101147,P-1030,East,72,2024-05-03T00:00:00.000Z
S-101148,P-1225,East,32,2024-08-28T00:00:00.000Z
S-101149,P-1079,East,1,2024-06-11T00:00:00.000Z
S-101150,P-1180,East,78,2024-04-11T00:00:00.000Z
S-101151,P-1116,Central,27,2024-12-16T00:00:00.000Z
S-101152,P-1055,West,61,2024-10-06T00:00:00.000Z
S-101153,P-1159,South,23,2024-02-23T00:00:00.000Z
S-101154,P-1183,North,15,2024-03-28T00:00:00.000Z
S-101155,P-1135,Central,34,2024-08-07T00:00:00.000Z
S-101156,P-1135,North,43,2024-02-22T00:00:00.000Z
S-101157,P-1006,East,53,2024-01-31T00:00:00.000Z
S-101158,P-1186,Central,2,2024-02-29T00:00:00.000Z
S-101159,P-1162,East,63,2024-04-11T00:00:00.000Z
S-101160,P-1178,North,18,2024-01-05T00:00:00.000Z
S-101161,P-1083,Central,68,2024-10-10T00:00:00.000Z
S-101162,P-1143,South,65,2024-06-20T00:00:00.000Z
S-101163,P-1048,Central,48,2024-11-23T00:00:00.000Z
S-101164,P-1032,South,17,2024-07-09T00:00:00.000Z
S-101165,P-1234,North,42,2024-12-27T00:00:00.000Z
S-101166,P-1190,South,69,2024-10-08T00:00:00.000Z
S-101167,P-1179,East,30,2024-07-23T00:00:00.000Z
S-101168,P-1115,East,36,2024-05-29T00:00:00.000Z
S-101169,P-1063,West,43,2024-11-21T00:00:00.000Z
S-101170,P-1170,South,22,2024-06-24T00:00:00.000Z
S-101171,P-1144,West,72,2024-09-25T00:00:00.000Z
S-101172,P-1083,North,51,2024-05-27T00:00:00.000Z
S-101173,P-1165,North,22,2024-01-18T00:00:00.000Z
S-101174,P-1160,North,71,2024-04-04T00:00:00.000Z
S-101175,P-1215,South,71,2024-09-05T00:00:00.000Z
S-101176,P-1025,Central,62,2024-07-10T00:00:00.000Z
S-101177,P-1059,Central,4,2024-06-03T00:00:00.000Z
S-101178,P-1138,South,79,2024-07-12T00:00:00.000Z
S-101179,P-1096,East,28,2024-02-28T00:00:00.000Z
S-101180,P-1056,West,6,2024-06-27T00:00:00.000Z
S-101181,P-1008,East,16,2024-10-28T00:00:00.000Z
S-101182,P-1223,West,67,2024-07-27T00:00:00.000Z
S-101183,P-1207,West,58,2024-12-09T00:00:00.000Z
S-101184,P-1074,North,38,2024-05-12T00:00:00.000Z
S-101185,P-1027,Central,46,2024-03-05T00:00:00.000Z
S-101186,P-1205,South,26,2024-04-26T00:00:00.000Z
S-101187,P-1046,South,38,2024-11-13T00:00:00.000Z
S-101188,P-1010,West,75,2024-03-18T00:00:00.000Z
S-101189,P-1115,South,48,2024-12-07T00:00:00.000Z
S-101190,P-1233,South,25,2024-02-25T00:00:00.000Z
S-101191,P-1069,Central,67,2024-03-25T00:00:00.000Z
S-101192,P-1001,North,43,2024-04-25T00:00:00.000Z
S-101193,P-1032,West,60,2024-11-15T00:00:00.000Z
S-101194,P-1037,North,14,2024-06-24T00:00:00.000Z
S-101195,P-1196,East,15,2024-12-01T00:00:00.000Z
S-101196,P-1026,South,38,2024-07-16T00:00:00.000Z
S-101197,P-1150,East,31,2024-05-05T00:00:00.000Z
S-101198,P-1179,North,6,2024-01-16T00:00:00.000Z
S-101199,P-1205,West,28,2024-01-12T00:00:00.000Z
S-101200,P-1071,West,75,2024-07-06T00:00:00.000Z
S-101201,P-1021,Central,43,2024-12-02T00:00:00.000Z
S-101202,P-1114,Central,61,2024-04-28T00:00:00.000Z
S-101203,P-1185,West,27,2024-01-11T00:00:00.000Z
S-101204,P-1227,Central,9,2024-02-21T00:00:00.000Z
S-101205,P-1129,West,35,2024-11-19T00:00:00.000Z
S-101206,P-1233,South,22,2024-11-23T00:00:00.000Z
S-101207,P-1102,East,35,2024-08-20T00:00:00.000Z
S-101208,P-1158,West,32,2024-12-01T00:00:00.000Z
S-101209,P-1131,North,73,2024-03-09T00:00:00.000Z
S-101210,P-1155,Central,2,2024-05-20T00:00:00.000Z
S-101211,P-1157,North,66,2024-12-27T00:00:00.000Z
S-101212,P-1210,North,29,2024-09-22T00:00:00.000Z
S-101213,P-1041,East,75,2024-10-31T00:00:00.000Z
S-101214,P-1123,East,1,2024-04-16T00:00:00.000Z
S-101215,P-1194,East,4,2024-01-17T00:00:00.000Z
S-101216,P-1083,East,37,2024-03-17T00:00:00.000Z
S-101217,P-1138,North,3,2024-06-09T00:00:00.000Z
S-101218,P-1209,Central,46,2024-06-25T00:00:00.000Z
S-101219,P-1022,West,67,2024-03-19T00:00:00.000Z
S-101220,P-1195,South,4,2024-06-25T00:00:00.000Z
S-101221,P-1089,West,1,2024-01-23T00:00:00.000Z
S-101222,P-1202,East,78,2024-09-08T00:00:00.000Z
S-101223,P-1041,South,42,2024-03-10T00:00:00.000Z
S-101224,P-1125,Central,34,2024-09-05T00:00:00.000Z
S-101225,P-1114,West,45,2024-11-18T00:00:00.000Z
S-101226,P-1063,East,57,2024-03-10T00:00:00.000Z
S-101227,P-1199,Central,50,2024-05-12T00:00:00.000Z
S-101228,P-1167,West,12,2024-09-22T00:00:00.000Z
S-101229,P-1102,South,13,2024-02-12T00:00:00.000Z
S-101230,P-1015,West,62,2024-07-10T00:00:00.000Z
S-101231,P-1238,North,45,2024-11-08T00:00:00.000Z
S-101232,P-1155,North,36,2024-05-16T00:00:00.000Z
S-101233,P-1185,East,1,2024-01-13T00:00:00.000Z
S-101234,P-1182,Central,20,2024-02-07T00:00:00.000Z
S-101235,P-1011,North,48,2024-11-22T00:00:00.000Z
S-101236,P-1180,West,10,2024-05-21T00:00:00.000Z
S-101237,P-1100,South,3,2024-04-18T00:00:00.000Z
S-101238,P-1154,Central,32,2024-08-05T00:00:00.000Z
S-101239,P-1125,North,74,2024-09-11T00:00:00.000Z
S-101240,P-1147,South,50,2024-08-20T00:00:00.000Z
S-101241,P-1196,West,4,2024-07-25T00:00:00.000Z
S-101242,P-1084,Central,64,2024-06-17T00:00:00.000Z
S-101243,P-1165,West,1,2024-05-02T00:00:00.000Z
S-101244,P-1122,South,41,2024-08-25T00:00:00.000Z
S-101245,P-1099,West,63,2024-08-18T00:00:00.000Z
S-101246,P-1067,East,65,2024-07-04T00:00:00.000Z
S-101247,P-1060,West,62,2024-06-11T00:00:00.000Z
S-101248,P-1022,North,64,2024-04-02T00:00:00.000Z
S-101249,P-1186,West,39,2024-08-14T00:00:00.000Z
S-101250,P-1117,South,10,2024-11-05T00:00:00.000Z
S-101251,P-1201,South,70,2024-01-30T00:00:00.000Z
S-101252,P-1055,East,74,2024-04-20T00:00:00.000Z
S-101253,P-1208,West,5,2024-05-17T00:00:00.000Z
S-101254,P-1154,East,70,2024-04-07T00:00:00.000Z
S-101255,P-1106,North,53,2024-07-11T00:00:00.000Z
S-101256,P-1020,North,39,2024-06-28T00:00:00.000Z
S-101257,P-1028,West,43,2024-06-28T00:00:00.000Z
S-101258,P-1094,East,9,2024-12-04T00:00:00.000Z
S-101259,P-1205,North,30,2024-10-06T00:00:00.000Z
S-101260,P-1029,West,32,2024-06-25T00:00:00.000Z
S-101261,P-1050,North,9,2024-01-09T00:00:00.000Z
S-101262,P-1178,West,54,2024-12-08T00:00:00.000Z
S-101263,P-1026,South,28,2024-07-06T00:00:00.000Z
S-101264,P-1085,North,18,2024-01-11T00:00:00.000Z
S-101265,P-1164,Central,40,2024-04-18T00:00:00.000Z
S-101266,P-1221,South,72,2024-10-19T00:00:00.000Z
S-101267,P-1106,Central,31,2024-11-29T00:00:00.000Z
S-101268,P-1079,Central,44,2024-10-30T00:00:00.000Z
S-101269,P-1104,North,7,2024-10-30T00:00:00.000Z
S-101270,P-1010,East,61,2024-04-10T00:00:00.000Z
S-101271,P-1214,East,28,2024-01-01T00:00:00.000Z
S-101272,P-1004,North,15,2024-05-11T00:00:00.000Z
S-101273,P-1217,East,45,2024-06-09T00:00:00.000Z
S-101274,P-1239,North,33,2024-10-25T00:00:00.000Z
S-101275,P-1214,North,69,2024-03-16T00:00:00.000Z
S-101276,P-1151,North,59,2024-06-02T00:00:00.000Z
S-101277,P-1194,South,50,2024-05-15T00:00:00.000Z
S-101278,P-1168,West,41,2024-03-01T00:00:00.000Z
S-101279,P-1037,South,63,2024-06-13T00:00:00.000Z
S-101280,P-1111,Central,51,2024-12-04T00:00:00.000Z
S-101281,P-1070,South,31,2024-12-26T00:00:00.000Z
S-101282,P-1053,East,37,2024-11-12T00:00:00.000Z
S-101283,P-1103,North,48,2024-09-13T00:00:00.000Z
S-101284,P-1083,South,14,2024-10-06T00:00:00.000Z
S-101285,P-1178,Central,72,2024-03-20T00:00:00.000Z
S-101286,P-1108,Central,56,2024-11-04T00:00:00.000Z
S-101287,P-1021,West,50,2024-12-19T00:00:00.000Z
S-101288,P-1141,West,23,2024-12-01T00:00:00.000Z
S-101289,P-1175,South,18,2024-05-08T00:00:00.000Z
S-101290,P-1236,East,2,2024-11-23T00:00:00.000Z
S-101291,P-1212,North,44,2024-11-01T00:00:00.000Z
S-101292,P-1198,North,67,2024-03-25T00:00:00.000Z
S-101293,P-1067,South,28,2024-03-02T00:00:00.000Z
S-101294,P-1192,West,43,2024-05-03T00:00:00.000Z
S-101295,P-1016,East,74,2024-11-09T00:00:00.000Z
S-101296,P-1187,Central,48,2024-06-26T00:00:00.000Z
S-101297,P-1030,Central,32,2024-12-21T00:00:00.000Z
S-101298,P-1225,East,56,2024-06-05T00:00:00.000Z
S-101299,P-1042,West,29,2024-09-13T00:00:00.000Z
S-101300,P-1014,South,40,2024-03-21T00:00:00.000Z
S-101301,P-1020,East,42,2024-03-11T00:00:00.000Z
S-101302,P-1196,North,38,2024-06-22T00:00:00.000Z
S-101303,P-1059,West,76,2024-02-14T00:00:00.000Z
S-101304,P-1235,North,71,2024-06-16T00:00:00.000Z
S-101305,P-1028,Central,80,2024-08-04T00:00:00.000Z
S-101306,P-1031,Central,47,2024-04-20T00:00:00.000Z
S-101307,P-1159,Central,18,2024-09-30T00:00:00.000Z
S-101308,P-1195,South,40,2024-07-22T00:00:00.000Z
S-101309,P-1051,North,60,2024-10-05T00:00:00.000Z
S-101310,P-1070,West,18,2024-05-09T00:00:00.000Z
S-101311,P-1171,North,44,2024-07-02T00:00:00.000Z
S-101312,P-1009,South,31,2024-06-01T00:00:00.000Z
S-101313,P-1156,Central,21,2024-04-30T00:00:00.000Z
S-101314,P-1075,Central,59,2024-05-25T00:00:00.000Z
S-101315,P-1051,Central,60,2024-07-13T00:00:00.000Z
S-101316,P-1130,North,69,2024-04-08T00:00:00.000Z
S-101317,P-1079,Central,61,2024-04-15T00:00:00.000Z
S-101318,P-1093,West,53,2024-03-12T00:00:00.000Z
S-101319,P-1029,East,2,2024-03-11T00:00:00.000Z
S-101320,P-1005,West,22,2024-11-22T00:00:00.000Z
S-101321,P-1165,South,6,2024-01-21T00:00:00.000Z
S-101322,P-1157,East,37,2024-04-01T00:00:00.000Z
S-101323,P-1054,Central,25,2024-04-15T00:00:00.000Z
S-101324,P-1134,Central,73,2024-03-28T00:00:00.000Z
S-101325,P-1040,Central,44,2024-02-01T00:00:00.000Z
S-101326,P-1147,South,20,2024-03-08T00:00:00.000Z
S-101327,P-1130,East,13,2024-03-29T00:00:00.000Z
S-101328,P-1136,East,67,2024-03-23T00:00:00.000Z
S-101329,P-1126,East,44,2024-08-23T00:00:00.000Z
S-101330,P-1183,Central,48,2024-10-04T00:00:00.000Z
S-101331,P-1224,Central,62,2024-11-18T00:00:00.000Z
S-101332,P-1101,West,25,2024-01-20T00:00:00.000Z
S-101333,P-1154,North,56,2024-02-29T00:00:00.000Z
S-101334,P-1172,Central,57,2024-08-16T00:00:00.000Z
S-101335,P-1101,East,62,2024-04-06T00:00:00.000Z
S-101336,P-1062,North,30,2024-10-09T00:00:00.000Z
S-101337,P-1193,North,78,2024-04-06T00:00:00.000Z
S-101338,P-1171,North,55,2024-05-04T00:00:00.000Z
S-101339,P-1102,South,44,2024-10-09T00:00:00.000Z
S-101340,P-1055,Central,21,2024-02-21T00:00:00.000Z
S-101341,P-1193,West,21,2024-03-28T00:00:00.000Z
S-101342,P-1070,South,36,2024-07-31T00:00:00.000Z
S-101343,P-1054,West,74,2024-07-17T00:00:00.000Z
S-101344,P-1139,South,30,2024-03-21T00:00:00.000Z
S-101345,P-1184,Central,53,2024-09-19T00:00:00.000Z
S-101346,P-1170,North,36,2024-02-09T00:00:00.000Z
S-101347,P-1127,West,38,2024-09-05T00:00:00.000Z
S-101348,P-1221,South,60,2024-07-13T00:00:00.000Z
S-101349,P-1195,East,31,2024-09-02T00:00:00.000Z
S-101350,P-1165,North,10,2024-11-21T00:00:00.000Z
S-101351,P-1144,Central,7,2024-04-21T00:00:00.000Z
S-101352,P-1185,North,50,2024-01-09T00:00:00.000Z
S-101353,P-1107,South,77,2024-03-19T00:00:00.000Z
S-101354,P-1127,Central,7,2024-05-25T00:00:00.000Z
S-101355,P-1115,South,35,2024-01-27T00:00:00.000Z
S-101356,P-1028,South,58,2024-03-04T00:00:00.000Z
S-101357,P-1226,Central,53,2024-05-05T00:00:00.000Z
S-101358,P-1053,South,68,2024-12-12T00:00:00.000Z
S-101359,P-1160,South,30,2024-09-09T00:00:00.000Z
S-101360,P-1107,East,51,2024-08-26T00:00:00.000Z
S-101361,P-1090,North,71,2024-05-30T00:00:00.000Z
S-101362,P-1023,West,31,2024-09-24T00:00:00.000Z
S-101363,P-1089,South,71,2024-05-12T00:00:00.000Z
S-101364,P-1075,Central,29,2024-05-07T00:00:00.000Z
S-101365,P-1147,West,15,2024-05-11T00:00:00.000Z
S-101366,P-1108,East,39,2024-04-29T00:00:00.000Z
S-101367,P-1187,Central,15,2024-03-03T00:00:00.000Z
S-101368,P-1066,North,78,2024-09-29T00:00:00.000Z
S-101369,P-1170,West,6,2024-02-02T00:00:00.000Z
S-101370,P-1070,South,53,2024-09-27T00:00:00.000Z
S-101371,P-1019,East,24,2024-12-14T00:00:00.000Z
S-101372,P-1020,North,6,2024-03-22T00:00:00.000Z
S-101373,P-1161,North,76,2024-07-08T00:00:00.000Z
S-101374,P-1024,Central,58,2024-09-27T00:00:00.000Z
S-101375,P-1038,North,6,2024-12-23T00:00:00.000Z
S-101376,P-1168,West,78,2024-03-08T00:00:00.000Z
S-101377,P-1076,East,4,2024-10-01T00:00:00.000Z
S-101378,P-1233,West,51,2024-02-20T00:00:00.000Z
S-101379,P-1022,West,76,2024-03-08T00:00:00.000Z
S-101380,P-1083,Central,28,2024-04-30T00:00:00.000Z
S-101381,P-1236,Central,3,2024-09-12T00:00:00.000Z
S-101382,P-1190,East,23,2024-12-17T00:00:00.000Z
S-101383,P-1037,South,45,2024-09-09T00:00:00.000Z
S-101384,P-1139,Central,11,2024-01-09T00:00:00.000Z
S-101385,P-1124,North,3,2024-08-19T00:00:00.000Z
S-101386,P-1056,East,49,2024-09-22T00:00:00.000Z
S-101387,P-1084,South,46,2024-03-18T00:00:00.000Z
S-101388,P-1167,South,20,2024-09-26T00:00:00.000Z
S-101389,P-1101,North,31,2024-07-27T00:00:00.000Z
S-101390,P-1087,North,16,2024-06-18T00:00:00.000Z
S-101391,P-1016,Central,61,2024-06-30T00:00:00.000Z
S-101392,P-1011,North,10,2024-06-13T00:00:00.000Z
S-101393,P-1019,West,37,2024-03-10T00:00:00.000Z
S-101394,P-1197,North,61,2024-10-05T00:00:00.000Z
S-101395,P-1151,Central,39,2024-12-17T00:00:00.000Z
S-101396,P-1217,West,47,2024-09-19T00:00:00.000Z
S-101397,P-1230,Central,76,2024-08-07T00:00:00.000Z
S-101398,P-1222,South,15,2024-06-10T00:00:00.000Z
S-101399,P-1113,West,38,2024-03-12T00:00:00.000Z
S-101400,P-1114,South,42,2024-09-16T00:00:00.000Z
S-101401,P-1214,Central,40,2024-04-09T00:00:00.000Z
S-101402,P-1085,Central,38,2024-01-26T00:00:00.000Z
S-101403,P-1085,Central,18,2024-06-21T00:00:00.000Z
S-101404,P-1107,South,26,2024-07-18T00:00:00.000Z
S-101405,P-1011,North,15,2024-06-27T00:00:00.000Z
S-101406,P-1193,Central,30,2024-06-13T00:00:00.000Z
S-101407,P-1177,East,12,2024-03-29T00:00:00.000Z
S-101408,P-1142,East,25,2024-01-19T00:00:00.000Z
S-101409,P-1215,West,14,2024-08-16T00:00:00.000Z
S-101410,P-1051,South,43,2024-06-18T00:00:00.000Z
S-101411,P-1189,North,50,2024-12-07T00:00:00.000Z
S-101412,P-1067,South,15,2024-06-22T00:00:00.000Z
S-101413,P-1196,Central,35,2024-02-02T00:00:00.000Z
S-101414,P-1191,North,1,2024-01-19T00:00:00.000Z
S-101415,P-1052,South,39,2024-01-07T00:00:00.000Z
S-101416,P-1173,North,11,2024-12-08T00:00:00.000Z
S-101417,P-1017,Central,1,2024-10-17T00:00:00.000Z
S-101418,P-1046,Central,75,2024-06-30T00:00:00.000Z
S-101419,P-1051,Central,19,2024-03-14T00:00:00.000Z
S-101420,P-1093,South,14,2024-11-04T00:00:00.000Z
S-101421,P-1097,South,56,2024-12-17T00:00:00.000Z
S-101422,P-1132,South,32,2024-06-17T00:00:00.000Z
S-101423,P-1182,North,71,2024-12-26T00:00:00.000Z
S-101424,P-1222,Central,19,2024-08-20T00:00:00.000Z
S-101425,P-1108,East,13,2024-11-30T00:00:00.000Z
S-101426,P-1174,North,73,2024-07-07T00:00:00.000Z
S-101427,P-1013,East,29,2024-06-19T00:00:00.000Z
S-101428,P-1110,West,74,2024-11-01T00:00:00.000Z
S-101429,P-1172,North,64,2024-08-08T00:00:00.000Z
S-101430,P-1030,South,1,2024-09-20T00:00:00.000Z
S-101431,P-1044,South,69,2024-01-28T00:00:00.000Z
S-101432,P-1183,Central,41,2024-03-10T00:00:00.000Z
S-101433,P-1147,East,25,2024-04-13T00:00:00.000Z
S-101434,P-1081,East,25,2024-09-24T00:00:00.000Z
S-101435,P-1230,Central,41,2024-04-22T00:00:00.000Z
S-101436,P-1113,West,11,2024-05-24T00:00:00.000Z
S-101437,P-1179,South,2,2024-04-29T00:00:00.000Z
S-101438,P-1005,West,21,2024-09-25T00:00:00.000Z
S-101439,P-1140,West,47,2024-08-22T00:00:00.000Z
S-101440,P-1188,Central,36,2024-12-15T00:00:00.000Z
S-101441,P-1160,West,16,2024-11-19T00:00:00.000Z
S-101442,P-1127,South,75,2024-08-15T00:00:00.000Z
S-101443,P-1042,Central,29,2024-03-07T00:00:00.000Z
S-101444,P-1238,West,26,2024-08-22T00:00:00.000Z
S-101445,P-1230,Central,12,2024-11-30T00:00:00.000Z
S-101446,P-1122,Central,37,2024-06-13T00:00:00.000Z
S-101447,P-1062,South,55,2024-05-12T00:00:00.000Z
S-101448,P-1158,North,13,2024-11-30T00:00:00.000Z
S-101449,P-1056,South,6,2024-04-20T00:00:00.000Z
S-101450,P-1112,Central,32,2024-08-23T00:00:00.000Z
S-101451,P-1042,South,69,2024-06-30T00:00:00.000Z
S-101452,P-1065,North,14,2024-06-23T00:00:00.000Z
S-101453,P-1225,Central,37,2024-03-17T00:00:00.000Z
S-101454,P-1222,North,59,2024-06-29T00:00:00.000Z
S-101455,P-1200,Central,42,2024-12-12T00:00:00.000Z
S-101456,P-1038,Central,40,2024-02-23T00:00:00.000Z
S-101457,P-1149,North,16,2024-02-06T00:00:00.000Z
S-101458,P-1104,South,28,2024-04-22T00:00:00.000Z
S-101459,P-1233,Central,58,2024-10-07T00:00:00.000Z
S-101460,P-1182,East,60,2024-04-04T00:00:00.000Z
S-101461,P-1193,South,31,2024-05-30T00:00:00.000Z
S-101462,P-1075,West,3,2024-10-05T00:00:00.000Z
S-101463,P-1178,East,60,2024-04-30T00:00:00.000Z
S-101464,P-1078,East,37,2024-09-08T00:00:00.000Z
S-101465,P-1051,North,20,2024-05-08T00:00:00.000Z
S-101466,P-1140,Central,22,2024-10-12T00:00:00.000Z
S-101467,P-1171,East,23,2024-07-12T00:00:00.000Z
S-101468,P-1219,East,9,2024-12-20T00:00:00.000Z
S-101469,P-1096,West,6,2024-01-09T00:00:00.000Z
S-101470,P-1150,East,52,2024-12-23T00:00:00.000Z
S-101471,P-1073,Central,17,2024-02-28T00:00:00.000Z
S-101472,P-1097,South,32,2024-01-28T00:00:00.000Z
S-101473,P-1124,South,3,2024-06-18T00:00:00.000Z
S-101474,P-1008,Central,56,2024-03-29T00:00:00.000Z
S-101475,P-1238,North,35,2024-02-17T00:00:00.000Z
S-101476,P-1019,East,16,2024-10-20T00:00:00.000Z
S-101477,P-1220,North,12,2024-06-08T00:00:00.000Z
S-101478,P-1069,South,60,2024-02-21T00:00:00.000Z
S-101479,P-1126,North,60,2024-05-20T00:00:00.000Z
S-101480,P-1088,North,4,2024-09-02T00:00:00.000Z
S-101481,P-1098,Central,74,2024-05-26T00:00:00.000Z
S-101482,P-1164,North,14,2024-12-27T00:00:00.000Z
S-101483,P-1123,East,4,2024-11-12T00:00:00.000Z
S-101484,P-1099,South,6,2024-01-20T00:00:00.000Z
S-101485,P-1123,Central,40,2024-07-07T00:00:00.000Z
S-101486,P-1214,East,44,2024-11-22T00:00:00.000Z
S-101487,P-1218,South,68,2024-07-28T00:00:00.000Z
S-101488,P-1071,Central,64,2024-10-30T00:00:00.000Z
S-101489,P-1098,South,28,2024-09-07T00:00:00.000Z
S-101490,P-1037,West,72,2024-02-25T00:00:00.000Z
S-101491,P-1037,Central,20,2024-05-20T00:00:00.000Z
S-101492,P-1215,West,52,2024-05-30T00:00:00.000Z
S-101493,P-1154,South,62,2024-06-17T00:00:00.000Z
S-101494,P-1091,East,37,2024-05-20T00:00:00.000Z
S-101495,P-1078,North,14,2024-08-28T00:00:00.000Z
S-101496,P-1161,Central,62,2024-05-03T00:00:00.000Z
S-101497,P-1235,Central,66,2024-10-09T00:00:00.000Z
S-101498,P-1058,North,76,2024-09-05T00:00:00.000Z
S-101499,P-1210,North,4,2024-08-30T00:00:00.000Z
S-101500,P-1109,East,62,2024-04-03T00:00:00.000Z
S-101501,P-1119,South,36,2024-06-12T00:00:00.000Z
S-101502,P-1233,Central,53,2024-11-26T00:00:00.000Z
S-101503,P-1007,North,42,2024-03-02T00:00:00.000Z
S-101504,P-1191,Central,13,2024-02-23T00:00:00.000Z
S-101505,P-1099,North,69,2024-05-06T00:00:00.000Z
S-101506,P-1077,West,65,2024-05-07T00:00:00.000Z
S-101507,P-1173,West,63,2024-02-20T00:00:00.000Z
S-101508,P-1145,Central,49,2024-08-16T00:00:00.000Z
S-101509,P-1238,South,26,2024-02-24T00:00:00.000Z
S-101510,P-1047,Central,7,2024-11-23T00:00:00.000Z
S-101511,P-1107,South,34,2024-04-02T00:00:00.000Z
S-101512,P-1023,East,13,2024-02-25T00:00:00.000Z
S-101513,P-1062,Central,19,2024-08-03T00:00:00.000Z
S-101514,P-1010,North,25,2024-06-13T00:00:00.000Z
S-101515,P-1134,South,5,2024-03-16T00:00:00.000Z
S-101516,P-1174,Central,21,2024-07-16T00:00:00.000Z
S-101517,P-1168,South,46,2024-05-02T00:00:00.000Z
S-101518,P-1035,East,32,2024-12-15T00:00:00.000Z
S-101519,P-1143,West,25,2024-03-28T00:00:00.000Z
S-101520,P-1126,North,18,2024-08-04T00:00:00.000Z
S-101521,P-1164,South,3,2024-05-06T00:00:00.000Z
S-101522,P-1186,North,46,2024-07-19T00:00:00.000Z
S-101523,P-1150,South,42,2024-12-20T00:00:00.000Z
S-101524,P-1131,West,42,2024-10-13T00:00:00.000Z
S-101525,P-1179,South,12,2024-12-05T00:00:00.000Z
S-101526,P-1120,West,16,2024-10-03T00:00:00.000Z
S-101527,P-1094,North,21,2024-08-30T00:00:00.000Z
S-101528,P-1095,East,9,2024-03-03T00:00:00.000Z
S-101529,P-1036,Central,16,2024-07-25T00:00:00.000Z
S-101530,P-1221,North,25,2024-05-28T00:00:00.000Z
S-101531,P-1201,East,76,2024-05-27T00:00:00.000Z
S-101532,P-1136,East,29,2024-01-28T00:00:00.000Z
S-101533,P-1076,Central,3,2024-11-19T00:00:00.000Z
S-101534,P-1168,East,43,2024-10-01T00:00:00.000Z
S-101535,P-1156,North,27,2024-09-02T00:00:00.000Z
S-101536,P-1213,South,72,2024-08-09T00:00:00.000Z
S-101537,P-1012,Central,33,2024-04-07T00:00:00.000Z
S-101538,P-1131,North,31,2024-12-13T00:00:00.000Z
S-101539,P-1179,East,69,2024-12-28T00:00:00.000Z
S-101540,P-1197,South,47,2024-04-25T00:00:00.000Z
S-101541,P-1180,Central,50,2024-10-09T00:00:00.000Z
S-101542,P-1034,Central,61,2024-02-16T00:00:00.000Z
S-101543,P-1039,South,52,2024-11-05T00:00:00.000Z
S-101544,P-1045,South,17,2024-02-07T00:00:00.000Z
S-101545,P-1231,West,49,2024-10-06T00:00:00.000Z
S-101546,P-1156,South,67,2024-01-03T00:00:00.000Z
S-101547,P-1010,West,15,2024-09-23T00:00:00.000Z
S-101548,P-1095,North,2,2024-09-03T00:00:00.000Z
S-101549,P-1076,West,67,2024-04-24T00:00:00.000Z
S-101550,P-1063,Central,72,2024-09-19T00:00:00.000Z
S-101551,P-1091,Central,73,2024-01-08T00:00:00.000Z
S-101552,P-1047,Central,79,2024-08-17T00:00:00.000Z
S-101553,P-1140,North,74,2024-11-14T00:00:00.000Z
S-101554,P-1226,West,52,2024-02-04T00:00:00.000Z
S-101555,P-1120,South,59,2024-08-29T00:00:00.000Z
S-101556,P-1151,Central,10,2024-04-11T00:00:00.000Z
S-101557,P-1174,South,28,2024-10-31T00:00:00.000Z
S-101558,P-1020,South,4,2024-08-16T00:00:00.000Z
S-101559,P-1045,South,66,2024-02-22T00:00:00.000Z
S-101560,P-1062,North,34,2024-07-27T00:00:00.000Z
S-101561,P-1104,East,58,2024-03-12T00:00:00.000Z
S-101562,P-1194,North,49,2024-01-19T00:00:00.000Z
S-101563,P-1076,South,14,2024-02-23T00:00:00.000Z
S-101564,P-1019,South,36,2024-02-04T00:00:00.000Z
S-101565,P-1105,East,38,2024-02-19T00:00:00.000Z
S-101566,P-1097,Central,4,2024-05-25T00:00:00.000Z
S-101567,P-1213,North,59,2024-01-06T00:00:00.000Z
S-101568,P-1207,East,61,2024-12-10T00:00:00.000Z
S-101569,P-1168,Central,54,2024-03-05T00:00:00.000Z
S-101570,P-1209,East,39,2024-09-13T00:00:00.000Z
S-101571,P-1121,South,78,2024-10-02T00:00:00.000Z
S-101572,P-1063,West,68,2024-05-23T00:00:00.000Z
S-101573,P-1074,East,34,2024-01-17T00:00:00.000Z
S-101574,P-1055,South,73,2024-11-18T00:00:00.000Z
S-101575,P-1167,West,64,2024-11-19T00:00:00.000Z
S-101576,P-1210,Central,68,2024-05-11T00:00:00.000Z
S-101577,P-1220,East,29,2024-03-04T00:00:00.000Z
S-101578,P-1203,Central,71,2024-07-14T00:00:00.000Z
S-101579,P-1004,East,58,2024-06-26T00:00:00.000Z
S-101580,P-1091,Central,80,2024-08-15T00:00:00.000Z
S-101581,P-1081,South,21,2024-10-24T00:00:00.000Z
S-101582,P-1010,Central,2,2024-04-15T00:00:00.000Z
S-101583,P-1052,Central,1,2024-04-06T00:00:00.000Z
S-101584,P-1053,East,68,2024-10-12T00:00:00.000Z
S-101585,P-1160,East,16,2024-05-18T00:00:00.000Z
S-101586,P-1007,East,59,2024-05-30T00:00:00.000Z
S-101587,P-1076,Central,38,2024-04-13T00:00:00.000Z
S-101588,P-1091,East,51,2024-11-08T00:00:00.000Z
S-101589,P-1109,South,46,2024-05-21T00:00:00.000Z
S-101590,P-1033,East,47,2024-09-07T00:00:00.000Z
S-101591,P-1032,South,19,2024-07-17T00:00:00.000Z
S-101592,P-1169,East,5,2024-02-26T00:00:00.000Z
S-101593,P-1116,North,43,2024-09-03T00:00:00.000Z
S-101594,P-1012,North,7,2024-11-21T00:00:00.000Z
S-101595,P-1232,West,9,2024-10-28T00:00:00.000Z
S-101596,P-1001,West,66,2024-02-11T00:00:00.000Z
S-101597,P-1209,West,46,2024-04-24T00:00:00.000Z
S-101598,P-1080,Central,75,2024-08-17T00:00:00.000Z
S-101599,P-1105,South,78,2024-12-27T00:00:00.000Z
S-101600,P-1067,North,55,2024-11-26T00:00:00.000Z
S-101601,P-1053,East,68,2024-09-14T00:00:00.000Z
S-101602,P-1018,South,57,2024-07-05T00:00:00.000Z
S-101603,P-1187,East,24,2024-05-14T00:00:00.000Z
S-101604,P-1029,Central,34,2024-11-12T00:00:00.000Z
S-101605,P-1114,South,80,2024-12-28T00:00:00.000Z
S-101606,P-1073,West,36,2024-03-17T00:00:00.000Z
S-101607,P-1225,West,46,2024-02-13T00:00:00.000Z
S-101608,P-1217,Central,47,2024-12-21T00:00:00.000Z
S-101609,P-1139,West,23,2024-04-21T00:00:00.000Z
S-101610,P-1003,South,37,2024-02-08T00:00:00.000Z
S-101611,P-1035,Central,27,2024-07-04T00:00:00.000Z
S-101612,P-1165,Central,7,2024-05-07T00:00:00.000Z
S-101613,P-1003,Central,22,2024-03-31T00:00:00.000Z
S-101614,P-1042,West,40,2024-06-13T00:00:00.000Z
S-101615,P-1150,Central,27,2024-09-30T00:00:00.000Z
S-101616,P-1013,West,37,2024-06-05T00:00:00.000Z
S-101617,P-1221,North,57,2024-12-28T00:00:00.000Z
S-101618,P-1087,South,46,2024-05-17T00:00:00.000Z
S-101619,P-1108,Central,33,2024-03-28T00:00:00.000Z
S-101620,P-1003,Central,58,2024-07-14T00:00:00.000Z
S-101621,P-1137,East,76,2024-06-02T00:00:00.000Z
S-101622,P-1102,West,52,2024-06-14T00:00:00.000Z
S-101623,P-1090,North,6,2024-03-21T00:00:00.000Z
S-101624,P-1174,West,41,2024-10-10T00:00:00.000Z
S-101625,P-1106,North,32,2024-08-27T00:00:00.000Z
S-101626,P-1203,East,38,2024-10-28T00:00:00.000Z
S-101627,P-1124,East,72,2024-10-23T00:00:00.000Z
S-101628,P-1091,Central,11,2024-03-14T00:00:00.000Z
S-101629,P-1183,North,33,2024-03-05T00:00:00.000Z
S-101630,P-1016,East,54,2024-09-17T00:00:00.000Z
S-101631,P-1212,North,54,2024-11-18T00:00:00.000Z
S-101632,P-1081,Central,58,2024-09-16T00:00:00.000Z
S-101633,P-1201,West,4,2024-03-07T00:00:00.000Z
S-101634,P-1170,North,43,2024-01-18T00:00:00.000Z
S-101635,P-1195,West,29,2024-11-28T00:00:00.000Z
S-101636,P-1090,East,52,2024-12-11T00:00:00.000Z
S-101637,P-1063,North,9,2024-07-15T00:00:00.000Z
S-101638,P-1046,West,15,2024-12-09T00:00:00.000Z
S-101639,P-1076,East,34,2024-11-13T00:00:00.000Z
S-101640,P-1078,East,65,2024-06-10T00:00:00.000Z
S-101641,P-1206,East,44,2024-01-16T00:00:00.000Z
S-101642,P-1078,West,52,2024-11-16T00:00:00.000Z
S-101643,P-1071,North,70,2024-12-25T00:00:00.000Z
S-101644,P-1126,North,49,2024-01-05T00:00:00.000Z
S-101645,P-1054,Central,19,2024-07-30T00:00:00.000Z
S-101646,P-1195,South,56,2024-03-25T00:00:00.000Z
S-101647,P-1224,Central,39,2024-12-07T00:00:00.000Z
S-101648,P-1217,South,66,2024-08-17T00:00:00.000Z
S-101649,P-1185,West,44,2024-06-09T00:00:00.000Z
S-101650,P-1094,North,22,2024-02-16T00:00:00.000Z
S-101651,P-1051,Central,1,2024-08-17T00:00:00.000Z
S-101652,P-1181,East,78,2024-08-24T00:00:00.000Z
S-101653,P-1159,North,74,2024-04-05T00:00:00.000Z
S-101654,P-1159,West,20,2024-02-08T00:00:00.000Z
S-101655,P-1091,South,50,2024-11-26T00:00:00.000Z
S-101656,P-1189,East,31,2024-03-16T00:00:00.000Z
S-101657,P-1106,North,62,2024-01-28T00:00:00.000Z
S-101658,P-1143,West,15,2024-03-06T00:00:00.000Z
S-101659,P-1212,Central,64,2024-10-18T00:00:00.000Z
S-101660,P-1066,North,20,2024-02-19T00:00:00.000Z
S-101661,P-1011,South,14,2024-06-27T00:00:00.000Z
S-101662,P-1014,North,3,2024-11-03T00:00:00.000Z
S-101663,P-1128,South,33,2024-11-07T00:00:00.000Z
S-101664,P-1056,West,35,2024-09-11T00:00:00.000Z
S-101665,P-1091,South,16,2024-09-15T00:00:00.000Z
S-101666,P-1002,South,62,2024-12-16T00:00:00.000Z
S-101667,P-1177,West,39,2024-02-27T00:00:00.000Z
S-101668,P-1126,Central,15,2024-04-17T00:00:00.000Z
S-101669,P-1233,East,39,2024-05-14T00:00:00.000Z
S-101670,P-1002,West,50,2024-01-07T00:00:00.000Z
S-101671,P-1065,South,34,2024-11-05T00:00:00.000Z
S-101672,P-1183,South,15,2024-01-05T00:00:00.000Z
S-101673,P-1120,West,70,2024-05-15T00:00:00.000Z
S-101674,P-1106,North,13,2024-10-07T00:00:00.000Z
S-101675,P-1235,South,16,2024-05-30T00:00:00.000Z
S-101676,P-1083,East,62,2024-12-15T00:00:00.000Z
S-101677,P-1068,West,63,2024-03-31T00:00:00.000Z
S-101678,P-1163,Central,77,2024-04-19T00:00:00.000Z
S-101679,P-1173,East,27,2024-11-03T00:00:00.000Z
S-101680,P-1166,North,3,2024-08-07T00:00:00.000Z
S-101681,P-1171,South,18,2024-11-19T00:00:00.000Z
S-101682,P-1153,North,40,2024-10-21T00:00:00.000Z
S-101683,P-1013,North,79,2024-11-29T00:00:00.000Z
S-101684,P-1049,Central,22,2024-07-24T00:00:00.000Z
S-101685,P-1202,South,67,2024-05-28T00:00:00.000Z
S-101686,P-1024,Central,77,2024-09-18T00:00:00.000Z
S-101687,P-1004,South,48,2024-06-21T00:00:00.000Z
S-101688,P-1095,Central,78,2024-11-13T00:00:00.000Z
S-101689,P-1029,West,35,2024-11-13T00:00:00.000Z
S-101690,P-1158,West,15,2024-09-29T00:00:00.000Z
S-101691,P-1196,Central,6,2024-01-12T00:00:00.000Z
S-101692,P-1145,West,14,2024-11-30T00:00:00.000Z
S-101693,P-1153,Central,57,2024-05-14T00:00:00.000Z
S-101694,P-1167,West,57,2024-01-18T00:00:00.000Z
S-101695,P-1014,Central,69,2024-07-08T00:00:00.000Z
S-101696,P-1192,North,43,2024-02-15T00:00:00.000Z
S-101697,P-1186,South,7,2024-01-01T00:00:00.000Z
S-101698,P-1022,South,25,2024-03-29T00:00:00.000Z
S-101699,P-1160,Central,9,2024-08-03T00:00:00.000Z
S-101700,P-1170,North,58,2024-07-25T00:00:00.000Z
S-101701,P-1209,West,77,2024-03-24T00:00:00.000Z
S-101702,P-1092,West,5,2024-12-16T00:00:00.000Z
S-101703,P-1059,West,45,2024-12-18T00:00:00.000Z
S-101704,P-1047,East,47,2024-08-10T00:00:00.000Z
S-101705,P-1214,West,60,2024-12-16T00:00:00.000Z
S-101706,P-1171,South,42,2024-01-15T00:00:00.000Z
S-101707,P-1090,North,35,2024-03-05T00:00:00.000Z
S-101708,P-1170,East,30,2024-11-06T00:00:00.000Z
S-101709,P-1141,Central,55,2024-08-18T00:00:00.000Z
S-101710,P-1238,South,11,2024-08-15T00:00:00.000Z
S-101711,P-1081,South,69,2024-10-27T00:00:00.000Z
S-101712,P-1225,West,77,2024-02-23T00:00:00.000Z
S-101713,P-1184,East,43,2024-05-21T00:00:00.000Z
S-101714,P-1234,South,41,2024-09-17T00:00:00.000Z
S-101715,P-1175,West,21,2024-05-22T00:00:00.000Z
S-101716,P-1161,East,33,2024-05-13T00:00:00.000Z
S-101717,P-1050,North,9,2024-06-26T00:00:00.000Z
S-101718,P-1107,North,13,2024-03-24T00:00:00.000Z
S-101719,P-1031,Central,49,2024-07-23T00:00:00.000Z
S-101720,P-1167,North,26,2024-07-19T00:00:00.000Z
S-101721,P-1024,North,53,2024-03-23T00:00:00.000Z
S-101722,P-1220,Central,42,2024-07-22T00:00:00.000Z
S-101723,P-1109,West,76,2024-03-27T00:00:00.000Z
S-101724,P-1043,East,15,2024-09-08T00:00:00.000Z
S-101725,P-1022,West,46,2024-06-13T00:00:00.000Z
S-101726,P-1165,Central,69,2024-08-08T00:00:00.000Z
S-101727,P-1077,South,51,2024-06-19T00:00:00.000Z
S-101728,P-1085,North,40,2024-12-06T00:00:00.000Z
S-101729,P-1054,East,14,2024-05-22T00:00:00.000Z
S-101730,P-1071,East,67,2024-12-04T00:00:00.000Z
S-101731,P-1130,North,77,2024-09-23T00:00:00.000Z
S-101732,P-1005,North,27,2024-02-21T00:00:00.000Z
S-101733,P-1025,West,17,2024-02-01T00:00:00.000Z
S-101734,P-1079,Central,2,2024-10-24T00:00:00.000Z
S-101735,P-1235,South,61,2024-05-01T00:00:00.000Z
S-101736,P-1043,West,22,2024-05-14T00:00:00.000Z
S-101737,P-1084,North,34,2024-10-17T00:00:00.000Z
S-101738,P-1182,Central,47,2024-06-24T00:00:00.000Z
S-101739,P-1190,North,69,2024-09-03T00:00:00.000Z
S-101740,P-1027,Central,18,2024-08-15T00:00:00.000Z
S-101741,P-1209,North,75,2024-04-28T00:00:00.000Z
S-101742,P-1227,North,13,2024-06-03T00:00:00.000Z
S-101743,P-1076,South,31,2024-05-20T00:00:00.000Z
S-101744,P-1135,West,17,2024-04-15T00:00:00.000Z
S-101745,P-1044,East,15,2024-09-01T00:00:00.000Z
S-101746,P-1127,Central,77,2024-06-01T00:00:00.000Z
S-101747,P-1174,West,65,2024-01-14T00:00:00.000Z
S-101748,P-1168,Central,64,2024-06-23T00:00:00.000Z
S-101749,P-1038,North,6,2024-05-07T00:00:00.000Z
S-101750,P-1082,West,5,2024-08-03T00:00:00.000Z
S-101751,P-1048,North,31,2024-11-18T00:00:00.000Z
S-101752,P-1117,West,47,2024-11-16T00:00:00.000Z
S-101753,P-1166,West,73,2024-03-10T00:00:00.000Z
S-101754,P-1144,South,80,2024-09-25T00:00:00.000Z
S-101755,P-1028,South,66,2024-08-16T00:00:00.000Z
S-101756,P-1122,South,23,2024-11-30T00:00:00.000Z
S-101757,P-1077,North,40,2024-06-17T00:00:00.000Z
S-101758,P-1041,Central,7,2024-03-11T00:00:00.000Z
S-101759,P-1023,East,36,2024-03-24T00:00:00.000Z
S-101760,P-1067,East,59,2024-08-09T00:00:00.000Z
S-101761,P-1001,West,24,2024-05-19T00:00:00.000Z
S-101762,P-1116,Central,64,2024-08-13T00:00:00.000Z
S-101763,P-1169,West,40,2024-11-02T00:00:00.000Z
S-101764,P-1081,North,47,2024-02-12T00:00:00.000Z
S-101765,P-1015,East,72,2024-06-22T00:00:00.000Z
S-101766,P-1022,South,3,2024-10-15T00:00:00.000Z
S-101767,P-1036,West,35,2024-05-05T00:00:00.000Z
S-101768,P-1051,Central,40,2024-03-09T00:00:00.000Z
S-101769,P-1162,Central,77,2024-08-06T00:00:00.000Z
S-101770,P-1154,North,33,2024-10-15T00:00:00.000Z
S-101771,P-1142,East,58,2024-12-13T00:00:00.000Z
S-101772,P-1119,East,6,2024-06-05T00:00:00.000Z
S-101773,P-1016,West,46,2024-08-04T00:00:00.000Z
S-101774,P-1184,East,58,2024-08-15T00:00:00.000Z
S-101775,P-1004,West,2,2024-05-22T00:00:00.000Z
S-101776,P-1137,South,26,2024-05-16T00:00:00.000Z
S-101777,P-1147,South,73,2024-12-11T00:00:00.000Z
S-101778,P-1028,Central,43,2024-05-15T00:00:00.000Z
S-101779,P-1207,North,35,2024-12-28T00:00:00.000Z
S-101780,P-1166,North,27,2024-11-29T00:00:00.000Z
S-101781,P-1203,South,36,2024-11-10T00:00:00.000Z
S-101782,P-1179,Central,56,2024-09-28T00:00:00.000Z
S-101783,P-1042,South,79,2024-04-28T00:00:00.000Z
S-101784,P-1195,East,21,2024-02-04T00:00:00.000Z
S-101785,P-1054,North,37,2024-03-22T00:00:00.000Z
S-101786,P-1069,North,64,2024-07-01T00:00:00.000Z
S-101787,P-1033,Central,67,2024-07-03T00:00:00.000Z
S-101788,P-1184,East,48,2024-02-04T00:00:00.000Z
S-101789,P-1140,Central,52,2024-04-16T00:00:00.000Z
S-101790,P-1028,South,17,2024-11-10T00:00:00.000Z
S-101791,P-1190,South,65,2024-11-22T00:00:00.000Z
S-101792,P-1143,South,30,2024-04-19T00:00:00.000Z
S-101793,P-1105,South,14,2024-06-28T00:00:00.000Z
S-101794,P-1198,South,42,2024-02-03T00:00:00.000Z
S-101795,P-1063,West,6,2024-04-02T00:00:00.000Z
S-101796,P-1209,South,39,2024-02-23T00:00:00.000Z
S-101797,P-1125,Central,61,2024-10-24T00:00:00.000Z
S-101798,P-1208,East,55,2024-06-28T00:00:00.000Z
S-101799,P-1003,North,76,2024-04-08T00:00:00.000Z
S-101800,P-1077,North,57,2024-03-13T00:00:00.000Z
S-101801,P-1144,North,79,2024-10-01T00:00:00.000Z
S-101802,P-1033,West,80,2024-05-28T00:00:00.000Z
S-101803,P-1049,North,40,2024-12-02T00:00:00.000Z
S-101804,P-1045,East,21,2024-05-17T00:00:00.000Z
S-101805,P-1236,West,14,2024-04-28T00:00:00.000Z
S-101806,P-1208,East,30,2024-05-13T00:00:00.000Z
S-101807,P-1160,North,17,2024-11-05T00:00:00.000Z
S-101808,P-1223,South,42,2024-05-20T00:00:00.000Z
S-101809,P-1094,East,39,2024-06-11T00:00:00.000Z
S-101810,P-1146,North,79,2024-03-05T00:00:00.000Z
S-101811,P-1102,East,8,2024-07-22T00:00:00.000Z
S-101812,P-1206,Central,57,2024-10-20T00:00:00.000Z
S-101813,P-1127,Central,69,2024-03-19T00:00:00.000Z
S-101814,P-1081,Central,6,2024-09-22T00:00:00.000Z
S-101815,P-1026,South,23,2024-01-05T00:00:00.000Z
S-101816,P-1231,East,40,2024-11-27T00:00:00.000Z
S-101817,P-1162,East,52,2024-04-08T00:00:00.000Z
S-101818,P-1158,South,66,2024-08-08T00:00:00.000Z
S-101819,P-1182,North,59,2024-05-25T00:00:00.000Z
S-101820,P-1218,North,24,2024-11-22T00:00:00.000Z
S-101821,P-1122,South,60,2024-09-05T00:00:00.000Z
S-101822,P-1043,South,60,2024-11-14T00:00:00.000Z
S-101823,P-1113,South,64,2024-02-16T00:00:00.000Z
S-101824,P-1131,East,29,2024-01-16T00:00:00.000Z
S-101825,P-1199,West,8,2024-05-03T00:00:00.000Z
S-101826,P-1108,West,1,2024-05-11T00:00:00.000Z
S-101827,P-1205,East,80,2024-06-12T00:00:00.000Z
S-101828,P-1237,West,47,2024-01-12T00:00:00.000Z
S-101829,P-1111,East,33,2024-11-20T00:00:00.000Z
S-101830,P-1227,North,54,2024-08-26T00:00:00.000Z
S-101831,P-1187,East,3,2024-10-28T00:00:00.000Z
S-101832,P-1236,West,40,2024-10-02T00:00:00.000Z
S-101833,P-1093,East,76,2024-03-30T00:00:00.000Z
S-101834,P-1209,South,36,2024-01-11T00:00:00.000Z
S-101835,P-1122,South,63,2024-01-20T00:00:00.000Z
S-101836,P-1108,South,64,2024-03-22T00:00:00.000Z
S-101837,P-1017,Central,7,2024-12-05T00:00:00.000Z
S-101838,P-1131,East,50,2024-07-08T00:00:00.000Z
S-101839,P-1075,West,58,2024-06-04T00:00:00.000Z
S-101840,P-1062,North,56,2024-05-09T00:00:00.000Z
S-101841,P-1106,West,50,2024-09-28T00:00:00.000Z
S-101842,P-1213,West,64,2024-03-31T00:00:00.000Z
S-101843,P-1206,West,5,2024-05-01T00:00:00.000Z
S-101844,P-1116,West,41,2024-04-28T00:00:00.000Z
S-101845,P-1090,North,46,2024-04-27T00:00:00.000Z
S-101846,P-1051,East,3,2024-12-01T00:00:00.000Z
S-101847,P-1071,South,59,2024-06-22T00:00:00.000Z
S-101848,P-1016,East,26,2024-05-10T00:00:00.000Z
S-101849,P-1090,North,37,2024-11-20T00:00:00.000Z
S-101850,P-1024,East,15,2024-04-12T00:00:00.000Z
S-101851,P-1194,East,73,2024-10-29T00:00:00.000Z
S-101852,P-1071,Central,6,2024-09-16T00:00:00.000Z
S-101853,P-1030,North,7,2024-05-04T00:00:00.000Z
S-101854,P-1169,North,50,2024-10-24T00:00:00.000Z
S-101855,P-1113,South,30,2024-05-08T00:00:00.000Z
S-101856,P-1211,East,25,2024-02-19T00:00:00.000Z
S-101857,P-1122,North,35,2024-02-01T00:00:00.000Z
S-101858,P-1183,East,43,2024-12-16T00:00:00.000Z
S-101859,P-1019,West,14,2024-06-28T00:00:00.000Z
S-101860,P-1123,North,33,2024-10-06T00:00:00.000Z
S-101861,P-1116,North,42,2024-08-29T00:00:00.000Z
S-101862,P-1141,East,46,2024-11-17T00:00:00.000Z
S-101863,P-1084,South,32,2024-12-21T00:00:00.000Z
S-101864,P-1017,South,60,2024-11-02T00:00:00.000Z
S-101865,P-1151,Central,6,2024-09-23T00:00:00.000Z
S-101866,P-1231,North,61,2024-09-15T00:00:00.000Z
S-101867,P-1126,North,38,2024-09-14T00:00:00.000Z
S-101868,P-1230,South,35,2024-02-21T00:00:00.000Z
S-101869,P-1183,Central,47,2024-09-22T00:00:00.000Z
S-101870,P-1140,South,23,2024-02-29T00:00:00.000Z
S-101871,P-1007,North,54,2024-09-12T00:00:00.000Z
S-101872,P-1079,North,30,2024-07-24T00:00:00.000Z
S-101873,P-1152,West,5,2024-01-05T00:00:00.000Z
S-101874,P-1118,North,54,2024-12-10T00:00:00.000Z
S-101875,P-1032,East,14,2024-04-15T00:00:00.000Z
S-101876,P-1087,Central,36,2024-05-21T00:00:00.000Z
S-101877,P-1140,East,42,2024-04-10T00:00:00.000Z
S-101878,P-1150,West,62,2024-09-01T00:00:00.000Z
S-101879,P-1049,West,16,2024-01-31T00:00:00.000Z
S-101880,P-1007,West,62,2024-06-10T00:00:00.000Z
S-101881,P-1190,Central,73,2024-07-17T00:00:00.000Z
S-101882,P-1222,North,21,2024-09-18T00:00:00.000Z
S-101883,P-1203,North,64,2024-12-25T00:00:00.000Z
S-101884,P-1074,Central,9,2024-09-05T00:00:00.000Z
S-101885,P-1165,West,5,2024-07-17T00:00:00.000Z
S-101886,P-1143,South,20,2024-09-23T00:00:00.000Z
S-101887,P-1159,Central,25,2024-12-19T00:00:00.000Z
S-101888,P-1169,South,79,2024-12-16T00:00:00.000Z
S-101889,P-1113,South,29,2024-08-06T00:00:00.000Z
S-101890,P-1113,North,57,2024-11-01T00:00:00.000Z
S-101891,P-1039,North,21,2024-05-12T00:00:00.000Z
S-101892,P-1085,North,24,2024-08-05T00:00:00.000Z
S-101893,P-1067,West,41,2024-12-26T00:00:00.000Z
S-101894,P-1114,North,76,2024-09-27T00:00:00.000Z
S-101895,P-1142,East,2,2024-09-20T00:00:00.000Z
S-101896,P-1177,South,4,2024-12-26T00:00:00.000Z
S-101897,P-1225,West,6,2024-12-10T00:00:00.000Z
S-101898,P-1053,North,15,2024-12-10T00:00:00.000Z
S-101899,P-1129,North,56,2024-03-31T00:00:00.000Z
S-101900,P-1030,Central,8,2024-06-12T00:00:00.000Z
S-101901,P-1057,North,60,2024-06-26T00:00:00.000Z
S-101902,P-1202,East,44,2024-04-04T00:00:00.000Z
S-101903,P-1021,North,77,2024-07-15T00:00:00.000Z
S-101904,P-1100,South,16,2024-12-27T00:00:00.000Z
S-101905,P-1117,West,10,2024-07-10T00:00:00.000Z
S-101906,P-1115,Central,11,2024-08-26T00:00:00.000Z
S-101907,P-1013,North,11,2024-09-01T00:00:00.000Z
S-101908,P-1104,West,57,2024-01-03T00:00:00.000Z
S-101909,P-1072,North,14,2024-01-23T00:00:00.000Z
S-101910,P-1041,South,9,2024-09-17T00:00:00.000Z
S-101911,P-1045,South,60,2024-12-18T00:00:00.000Z
S-101912,P-1039,North,24,2024-10-04T00:00:00.000Z
S-101913,P-1067,South,56,2024-11-07T00:00:00.000Z
S-101914,P-1198,East,26,2024-08-04T00:00:00.000Z
S-101915,P-1032,North,41,2024-07-02T00:00:00.000Z
S-101916,P-1229,Central,60,2024-12-01T00:00:00.000Z
S-101917,P-1008,West,43,2024-04-01T00:00:00.000Z
S-101918,P-1207,South,13,2024-10-09T00:00:00.000Z
S-101919,P-1126,Central,40,2024-10-05T00:00:00.000Z
S-101920,P-1230,South,40,2024-12-03T00:00:00.000Z
S-101921,P-1207,South,47,2024-09-01T00:00:00.000Z
S-101922,P-1066,West,32,2024-04-01T00:00:00.000Z
S-101923,P-1123,East,35,2024-06-18T00:00:00.000Z
S-101924,P-1149,South,4,2024-07-28T00:00:00.000Z
S-101925,P-1030,East,20,2024-12-15T00:00:00.000Z
S-101926,P-1212,East,21,2024-04-19T00:00:00.000Z
S-101927,P-1170,East,27,2024-11-15T00:00:00.000Z
S-101928,P-1198,East,21,2024-07-13T00:00:00.000Z
S-101929,P-1063,West,13,2024-01-20T00:00:00.000Z
S-101930,P-1228,South,70,2024-01-08T00:00:00.000Z
S-101931,P-1105,West,23,2024-05-18T00:00:00.000Z
S-101932,P-1131,West,33,2024-02-23T00:00:00.000Z
S-101933,P-1024,North,5,2024-04-03T00:00:00.000Z
S-101934,P-1160,West,29,2024-06-24T00:00:00.000Z
S-101935,P-1094,East,3,2024-04-23T00:00:00.000Z
S-101936,P-1228,North,65,2024-03-04T00:00:00.000Z
S-101937,P-1120,South,43,2024-02-08T00:00:00.000Z
S-101938,P-1136,South,59,2024-06-26T00:00:00.000Z
S-101939,P-1082,North,34,2024-01-07T00:00:00.000Z
S-101940,P-1168,North,70,2024-09-10T00:00:00.000Z
S-101941,P-1014,East,33,2024-06-08T00:00:00.000Z
S-101942,P-1029,South,37,2024-03-08T00:00:00.000Z
S-101943,P-1144,North,50,2024-07-20T00:00:00.000Z
S-101944,P-1202,West,67,2024-12-18T00:00:00.000Z
S-101945,P-1059,South,31,2024-02-18T00:00:00.000Z
S-101946,P-1152,North,28,2024-11-27T00:00:00.000Z
S-101947,P-1026,East,14,2024-10-21T00:00:00.000Z
S-101948,P-1194,West,15,2024-11-15T00:00:00.000Z
S-101949,P-1077,East,29,2024-12-22T00:00:00.000Z
S-101950,P-1103,Central,23,2024-08-16T00:00:00.000Z
S-101951,P-1204,East,27,2024-12-06T00:00:00.000Z
S-101952,P-1158,Central,75,2024-02-13T00:00:00.000Z
S-101953,P-1062,South,11,2024-02-16T00:00:00.000Z
S-101954,P-1138,North,3,2024-01-19T00:00:00.000Z
S-101955,P-1023,Central,10,2024-09-03T00:00:00.000Z
S-101956,P-1202,East,5,2024-12-24T00:00:00.000Z
S-101957,P-1023,South,35,2024-06-10T00:00:00.000Z
S-101958,P-1067,South,15,2024-03-01T00:00:00.000Z
S-101959,P-1079,North,3,2024-07-02T00:00:00.000Z
S-101960,P-1202,West,6,2024-01-23T00:00:00.000Z
S-101961,P-1026,Central,41,2024-11-23T00:00:00.000Z
S-101962,P-1060,South,39,2024-06-11T00:00:00.000Z
S-101963,P-1161,Central,33,2024-10-04T00:00:00.000Z
S-101964,P-1137,South,22,2024-03-16T00:00:00.000Z
S-101965,P-1198,South,72,2024-08-22T00:00:00.000Z
S-101966,P-1161,West,63,2024-04-01T00:00:00.000Z
S-101967,P-1114,Central,69,2024-03-14T00:00:00.000Z
S-101968,P-1050,West,40,2024-09-23T00:00:00.000Z
S-101969,P-1006,West,79,2024-04-26T00:00:00.000Z
S-101970,P-1120,Central,43,2024-03-19T00:00:00.000Z
S-101971,P-1061,South,26,2024-10-20T00:00:00.000Z
S-101972,P-1009,Central,41,2024-12-30T00:00:00.000Z
S-101973,P-1128,North,26,2024-10-30T00:00:00.000Z
S-101974,P-1020,South,61,2024-07-02T00:00:00.000Z
S-101975,P-1157,East,2,2024-12-30T00:00:00.000Z
S-101976,P-1069,Central,67,2024-12-12T00:00:00.000Z
S-101977,P-1002,Central,40,2024-08-29T00:00:00.000Z
S-101978,P-1145,South,25,2024-05-09T00:00:00.000Z
S-101979,P-1067,North,64,2024-10-29T00:00:00.000Z
S-101980,P-1198,North,23,2024-04-23T00:00:00.000Z
S-101981,P-1225,East,46,2024-11-12T00:00:00.000Z
S-101982,P-1099,South,75,2024-09-18T00:00:00.000Z
S-101983,P-1060,Central,6,2024-09-24T00:00:00.000Z
S-101984,P-1138,Central,58,2024-07-17T00:00:00.000Z
S-101985,P-1100,West,12,2024-05-16T00:00:00.000Z
S-101986,P-1194,Central,51,2024-03-12T00:00:00.000Z
S-101987,P-1012,West,24,2024-04-29T00:00:00.000Z
S-101988,P-1223,East,41,2024-05-10T00:00:00.000Z
S-101989,P-1181,East,49,2024-08-30T00:00:00.000Z
S-101990,P-1002,North,63,2024-11-05T00:00:00.000Z
S-101991,P-1060,West,42,2024-09-08T00:00:00.000Z
S-101992,P-1192,North,22,2024-10-21T00:00:00.000Z
S-101993,P-1018,East,65,2024-06-03T00:00:00.000Z
S-101994,P-1230,Central,62,2024-07-09T00:00:00.000Z
S-101995,P-1148,West,12,2024-04-20T00:00:00.000Z
S-101996,P-1002,West,4,2024-02-24T00:00:00.000Z
S-101997,P-1214,Central,37,2024-05-06T00:00:00.000Z
S-101998,P-1153,Central,79,2024-02-21T00:00:00.000Z
S-101999,P-1235,North,52,2024-08-19T00:00:00.000Z
S-102000,P-1021,West,44,2024-01-26T00:00:00.000Z
S-102001,P-1139,West,73,2024-09-05T00:00:00.000Z
S-102002,P-1110,South,29,2024-05-29T00:00:00.000Z
S-102003,P-1125,South,44,2024-02-03T00:00:00.000Z
S-102004,P-1156,North,6,2024-02-18T00:00:00.000Z
S-102005,P-1095,Central,7,2024-11-08T00:00:00.000Z
S-102006,P-1023,North,80,2024-06-17T00:00:00.000Z
S-102007,P-1049,North,31,2024-04-02T00:00:00.000Z
S-102008,P-1100,North,33,2024-04-03T00:00:00.000Z
S-102009,P-1179,West,72,2024-10-02T00:00:00.000Z
S-102010,P-1157,West,74,2024-01-19T00:00:00.000Z
S-102011,P-1044,East,3,2024-10-31T00:00:00.000Z
S-102012,P-1087,Central,55,2024-11-25T00:00:00.000Z
S-102013,P-1046,Central,26,2024-06-22T00:00:00.000Z
S-102014,P-1048,North,78,2024-01-17T00:00:00.000Z
S-102015,P-1007,West,15,2024-02-17T00:00:00.000Z
S-102016,P-1055,South,37,2024-07-24T00:00:00.000Z
S-102017,P-1135,North,59,2024-04-14T00:00:00.000Z
S-102018,P-1197,South,20,2024-06-26T00:00:00.000Z
S-102019,P-1165,North,48,2024-12-03T00:00:00.000Z
S-102020,P-1005,North,48,2024-01-25T00:00:00.000Z
S-102021,P-1117,South,73,2024-11-08T00:00:00.000Z
S-102022,P-1139,Central,69,2024-08-06T00:00:00.000Z
S-102023,P-1112,East,74,2024-06-12T00:00:00.000Z
S-102024,P-1061,North,77,2024-09-20T00:00:00.000Z
S-102025,P-1196,North,53,2024-06-01T00:00:00.000Z
S-102026,P-1152,South,50,2024-12-11T00:00:00.000Z
S-102027,P-1075,Central,51,2024-04-18T00:00:00.000Z
S-102028,P-1003,West,38,2024-10-23T00:00:00.000Z
S-102029,P-1002,East,16,2024-08-13T00:00:00.000Z
S-102030,P-1089,East,57,2024-10-08T00:00:00.000Z
S-102031,P-1210,South,11,2024-02-05T00:00:00.000Z
S-102032,P-1215,South,1,2024-04-17T00:00:00.000Z
S-102033,P-1111,East,7,2024-12-27T00:00:00.000Z
S-102034,P-1068,Central,3,2024-05-25T00:00:00.000Z
S-102035,P-1016,Central,17,2024-06-02T00:00:00.000Z
S-102036,P-1000,North,13,2024-09-27T00:00:00.000Z
S-102037,P-1047,North,64,2024-12-19T00:00:00.000Z
S-102038,P-1146,West,37,2024-04-25T00:00:00.000Z
S-102039,P-1076,West,33,2024-05-04T00:00:00.000Z
S-102040,P-1089,East,6,2024-03-02T00:00:00.000Z
S-102041,P-1169,Central,22,2024-05-15T00:00:00.000Z
S-102042,P-1160,Central,12,2024-12-15T00:00:00.000Z
S-102043,P-1092,Central,38,2024-10-26T00:00:00.000Z
S-102044,P-1034,West,1,2024-05-19T00:00:00.000Z
S-102045,P-1043,East,40,2024-05-05T00:00:00.000Z
S-102046,P-1013,North,40,2024-04-15T00:00:00.000Z
S-102047,P-1205,South,26,2024-07-22T00:00:00.000Z
S-102048,P-1142,East,76,2024-05-25T00:00:00.000Z
S-102049,P-1056,East,10,2024-07-19T00:00:00.000Z
S-102050,P-1143,North,62,2024-05-31T00:00:00.000Z
S-102051,P-1064,East,37,2024-01-06T00:00:00.000Z
S-102052,P-1235,Central,66,2024-06-20T00:00:00.000Z
S-102053,P-1095,Central,54,2024-04-24T00:00:00.000Z
S-102054,P-1204,Central,38,2024-11-27T00:00:00.000Z
S-102055,P-1074,Central,21,2024-12-16T00:00:00.000Z
S-102056,P-1201,North,42,2024-12-17T00:00:00.000Z
S-102057,P-1182,East,51,2024-10-15T00:00:00.000Z
S-102058,P-1178,East,43,2024-09-04T00:00:00.000Z
S-102059,P-1056,West,1,2024-08-09T00:00:00.000Z
S-102060,P-1088,Central,79,2024-09-13T00:00:00.000Z
S-102061,P-1041,West,4,2024-07-03T00:00:00.000Z
S-102062,P-1084,West,46,2024-10-22T00:00:00.000Z
S-102063,P-1045,South,25,2024-10-03T00:00:00.000Z
S-102064,P-1146,South,51,2024-08-01T00:00:00.000Z
S-102065,P-1161,East,30,2024-03-10T00:00:00.000Z
S-102066,P-1040,North,65,2024-09-02T00:00:00.000Z
S-102067,P-1198,East,29,2024-12-18T00:00:00.000Z
S-102068,P-1208,West,53,2024-04-13T00:00:00.000Z
S-102069,P-1139,West,57,2024-06-06T00:00:00.000Z
S-102070,P-1171,South,78,2024-12-26T00:00:00.000Z
S-102071,P-1212,South,54,2024-04-07T00:00:00.000Z
S-102072,P-1125,East,58,2024-10-09T00:00:00.000Z
S-102073,P-1014,West,6,2024-08-20T00:00:00.000Z
S-102074,P-1045,East,15,2024-08-15T00:00:00.000Z
S-102075,P-1085,South,73,2024-02-17T00:00:00.000Z
S-102076,P-1237,East,48,2024-10-10T00:00:00.000Z
S-102077,P-1119,East,12,2024-03-04T00:00:00.000Z
S-102078,P-1180,North,7,2024-02-17T00:00:00.000Z
S-102079,P-1022,North,47,2024-10-17T00:00:00.000Z
S-102080,P-1119,East,42,2024-07-26T00:00:00.000Z
S-102081,P-1165,East,1,2024-09-15T00:00:00.000Z
S-102082,P-1147,Central,60,2024-03-07T00:00:00.000Z
S-102083,P-1149,Central,1,2024-04-30T00:00:00.000Z
S-102084,P-1055,East,45,2024-01-05T00:00:00.000Z
S-102085,P-1136,Central,45,2024-04-07T00:00:00.000Z
S-102086,P-1193,North,40,2024-05-12T00:00:00.000Z
S-102087,P-1126,West,17,2024-01-02T00:00:00.000Z
S-102088,P-1111,Central,66,2024-10-27T00:00:00.000Z
S-102089,P-1131,West,17,2024-08-12T00:00:00.000Z
S-102090,P-1160,East,53,2024-11-12T00:00:00.000Z
S-102091,P-1164,West,78,2024-07-15T00:00:00.000Z
S-102092,P-1234,North,14,2024-07-08T00:00:00.000Z
S-102093,P-1171,West,63,2024-07-16T00:00:00.000Z
S-102094,P-1217,North,67,2024-05-23T00:00:00.000Z
S-102095,P-1094,South,67,2024-07-09T00:00:00.000Z
S-102096,P-1135,West,79,2024-05-06T00:00:00.000Z
S-102097,P-1190,West,74,2024-01-07T00:00:00.000Z
S-102098,P-1051,Central,77,2024-01-07T00:00:00.000Z
S-102099,P-1180,South,13,2024-06-25T00:00:00.000Z
S-102100,P-1112,Central,3,2024-03-04T00:00:00.000Z
S-102101,P-1180,Central,31,2024-10-10T00:00:00.000Z
S-102102,P-1073,South,63,2024-09-04T00:00:00.000Z
S-102103,P-1231,Central,13,2024-12-13T00:00:00.000Z
S-102104,P-1080,Central,22,2024-05-10T00:00:00.000Z
S-102105,P-1199,North,71,2024-02-10T00:00:00.000Z
S-102106,P-1011,East,3,2024-02-16T00:00:00.000Z
S-102107,P-1133,West,77,2024-04-11T00:00:00.000Z
S-102108,P-1101,West,21,2024-10-15T00:00:00.000Z
S-102109,P-1073,South,76,2024-06-12T00:00:00.000Z
S-102110,P-1227,East,10,2024-12-17T00:00:00.000Z
S-102111,P-1211,East,13,2024-09-23T00:00:00.000Z
S-102112,P-1187,North,50,2024-02-04T00:00:00.000Z
S-102113,P-1002,West,3,2024-12-26T00:00:00.000Z
S-102114,P-1137,West,78,2024-12-03T00:00:00.000Z
S-102115,P-1143,Central,4,2024-12-10T00:00:00.000Z
S-102116,P-1222,West,55,2024-05-30T00:00:00.000Z
S-102117,P-1163,West,49,2024-02-03T00:00:00.000Z
S-102118,P-1142,West,16,2024-11-05T00:00:00.000Z
S-102119,P-1151,East,13,2024-11-28T00:00:00.000Z
S-102120,P-1207,Central,41,2024-10-04T00:00:00.000Z
S-102121,P-1028,North,27,2024-06-01T00:00:00.000Z
S-102122,P-1095,East,77,2024-01-18T00:00:00.000Z
S-102123,P-1223,East,44,2024-11-03T00:00:00.000Z
S-102124,P-1204,East,67,2024-03-04T00:00:00.000Z
S-102125,P-1072,Central,78,2024-03-07T00:00:00.000Z
S-102126,P-1033,Central,45,2024-09-23T00:00:00.000Z
S-102127,P-1035,South,78,2024-12-26T00:00:00.000Z
S-102128,P-1206,West,54,2024-11-30T00:00:00.000Z
S-102129,P-1229,West,35,2024-09-29T00:00:00.000Z
S-102130,P-1135,South,24,2024-08-13T00:00:00.000Z
S-102131,P-1152,East,24,2024-09-12T00:00:00.000Z
S-102132,P-1171,West,76,2024-10-25T00:00:00.000Z
S-102133,P-1083,East,19,2024-09-27T00:00:00.000Z
S-102134,P-1011,South,19,2024-06-04T00:00:00.000Z
S-102135,P-1128,North,64,2024-03-20T00:00:00.000Z
S-102136,P-1037,Central,74,2024-08-30T00:00:00.000Z
S-102137,P-1102,South,45,2024-08-10T00:00:00.000Z
S-102138,P-1130,West,79,2024-04-24T00:00:00.000Z
S-102139,P-1216,South,29,2024-12-15T00:00:00.000Z
S-102140,P-1170,Central,55,2024-12-30T00:00:00.000Z
S-102141,P-1060,West,21,2024-12-23T00:00:00.000Z
S-102142,P-1088,South,7,2024-11-24T00:00:00.000Z
S-102143,P-1128,West,51,2024-11-05T00:00:00.000Z
S-102144,P-1176,North,1,2024-10-12T00:00:00.000Z
S-102145,P-1135,West,5,2024-01-20T00:00:00.000Z
S-102146,P-1136,West,77,2024-12-17T00:00:00.000Z
S-102147,P-1138,South,38,2024-04-05T00:00:00.000Z
S-102148,P-1013,Central,77,2024-02-08T00:00:00.000Z
S-102149,P-1205,South,8,2024-09-01T00:00:00.000Z
S-102150,P-1158,South,52,2024-01-29T00:00:00.000Z
S-102151,P-1175,West,18,2024-09-11T00:00:00.000Z
S-102152,P-1225,East,80,2024-05-27T00:00:00.000Z
S-102153,P-1222,South,62,2024-08-07T00:00:00.000Z
S-102154,P-1151,West,38,2024-01-20T00:00:00.000Z
S-102155,P-1205,East,63,2024-08-02T00:00:00.000Z
S-102156,P-1047,North,75,2024-03-09T00:00:00.000Z
S-102157,P-1237,Central,74,2024-09-22T00:00:00.000Z
S-102158,P-1190,West,71,2024-01-19T00:00:00.000Z
S-102159,P-1152,Central,25,2024-12-10T00:00:00.000Z
S-102160,P-1185,Central,30,2024-11-24T00:00:00.000Z
S-102161,P-1140,East,22,2024-07-26T00:00:00.000Z
S-102162,P-1052,North,31,2024-07-16T00:00:00.000Z
S-102163,P-1182,East,12,2024-03-15T00:00:00.000Z
S-102164,P-1137,Central,14,2024-05-27T00:00:00.000Z
S-102165,P-1029,South,46,2024-09-20T00:00:00.000Z
S-102166,P-1178,East,5,2024-07-28T00:00:00.000Z
S-102167,P-1050,West,35,2024-09-21T00:00:00.000Z
S-102168,P-1214,West,12,2024-02-17T00:00:00.000Z
S-102169,P-1078,Central,32,2024-03-08T00:00:00.000Z
S-102170,P-1167,West,38,2024-03-11T00:00:00.000Z
S-102171,P-1123,East,27,2024-12-25T00:00:00.000Z
S-102172,P-1014,South,49,2024-04-19T00:00:00.000Z
S-102173,P-1188,Central,30,2024-06-09T00:00:00.000Z
S-102174,P-1193,North,65,2024-01-10T00:00:00.000Z
S-102175,P-1222,North,10,2024-11-09T00:00:00.000Z
S-102176,P-1197,West,17,2024-09-15T00:00:00.000Z
S-102177,P-1184,West,48,2024-06-03T00:00:00.000Z
S-102178,P-1171,Central,26,2024-07-20T00:00:00.000Z
S-102179,P-1229,West,22,2024-01-08T00:00:00.000Z
S-102180,P-1112,North,76,2024-07-18T00:00:00.000Z
S-102181,P-1116,Central,3,2024-07-24T00:00:00.000Z
S-102182,P-1172,East,76,2024-02-12T00:00:00.000Z
S-102183,P-1194,West,16,2024-06-26T00:00:00.000Z
S-102184,P-1161,East,63,2024-06-06T00:00:00.000Z
S-102185,P-1103,South,18,2024-01-21T00:00:00.000Z
S-102186,P-1210,West,44,2024-06-12T00:00:00.000Z
S-102187,P-1037,East,36,2024-12-02T00:00:00.000Z
S-102188,P-1158,South,49,2024-09-12T00:00:00.000Z
S-102189,P-1065,West,49,2024-01-22T00:00:00.000Z
S-102190,P-1139,East,34,2024-11-02T00:00:00.000Z
S-102191,P-1239,North,75,2024-01-16T00:00:00.000Z
S-102192,P-1067,West,26,2024-01-03T00:00:00.000Z
S-102193,P-1159,West,32,2024-09-06T00:00:00.000Z
S-102194,P-1008,West,23,2024-03-17T00:00:00.000Z
S-102195,P-1156,Central,1,2024-08-16T00:00:00.000Z
S-102196,P-1138,North,55,2024-09-03T00:00:00.000Z
S-102197,P-1138,East,7,2024-09-24T00:00:00.000Z
S-102198,P-1040,South,80,2024-09-22T00:00:00.000Z
S-102199,P-1112,North,75,2024-07-06T00:00:00.000Z
S-102200,P-1131,North,22,2024-08-30T00:00:00.000Z
S-102201,P-1183,Central,80,2024-10-24T00:00:00.000Z
S-102202,P-1078,South,55,2024-06-10T00:00:00.000Z
S-102203,P-1064,East,11,2024-10-01T00:00:00.000Z
S-102204,P-1017,South,4,2024-06-03T00:00:00.000Z
S-102205,P-1221,Central,18,2024-01-14T00:00:00.000Z
S-102206,P-1064,South,67,2024-03-09T00:00:00.000Z
S-102207,P-1224,South,75,2024-01-15T00:00:00.000Z
S-102208,P-1164,North,20,2024-04-01T00:00:00.000Z
S-102209,P-1153,East,10,2024-07-12T00:00:00.000Z
S-102210,P-1109,North,28,2024-03-31T00:00:00.000Z
S-102211,P-1045,East,13,2024-08-04T00:00:00.000Z
S-102212,P-1048,Central,15,2024-02-07T00:00:00.000Z
S-102213,P-1042,South,45,2024-11-09T00:00:00.000Z
S-102214,P-1040,North,19,2024-02-18T00:00:00.000Z
S-102215,P-1025,West,47,2024-12-12T00:00:00.000Z
S-102216,P-1177,Central,56,2024-02-14T00:00:00.000Z
S-102217,P-1172,South,24,2024-11-25T00:00:00.000Z
S-102218,P-1007,East,49,2024-07-26T00:00:00.000Z
S-102219,P-1033,Central,73,2024-06-20T00:00:00.000Z
S-102220,P-1062,South,65,2024-04-04T00:00:00.000Z
S-102221,P-1114,North,76,2024-03-11T00:00:00.000Z
S-102222,P-1197,South,79,2024-01-29T00:00:00.000Z
S-102223,P-1180,East,28,2024-09-24T00:00:00.000Z
S-102224,P-1164,West,54,2024-12-02T00:00:00.000Z
S-102225,P-1159,South,57,2024-08-20T00:00:00.000Z
S-102226,P-1219,West,72,2024-01-24T00:00:00.000Z
S-102227,P-1057,East,32,2024-12-09T00:00:00.000Z
S-102228,P-1057,South,55,2024-04-17T00:00:00.000Z
S-102229,P-1073,East,50,2024-07-19T00:00:00.000Z
S-102230,P-1080,East,55,2024-12-16T00:00:00.000Z
S-102231,P-1115,East,71,2024-08-18T00:00:00.000Z
S-102232,P-1131,South,42,2024-05-20T00:00:00.000Z
S-102233,P-1098,East,42,2024-06-15T00:00:00.000Z
S-102234,P-1079,East,10,2024-08-07T00:00:00.000Z
S-102235,P-1052,North,64,2024-09-18T00:00:00.000Z
S-102236,P-1020,North,23,2024-08-11T00:00:00.000Z
S-102237,P-1121,West,64,2024-04-12T00:00:00.000Z
S-102238,P-1190,North,70,2024-05-18T00:00:00.000Z
S-102239,P-1038,West,78,2024-07-22T00:00:00.000Z
S-102240,P-1235,South,66,2024-01-15T00:00:00.000Z
S-102241,P-1019,West,52,2024-09-04T00:00:00.000Z
S-102242,P-1061,East,6,2024-02-18T00:00:00.000Z
S-102243,P-1048,North,19,2024-01-18T00:00:00.000Z
S-102244,P-1003,Central,10,2024-01-26T00:00:00.000Z
S-102245,P-1108,South,63,2024-08-22T00:00:00.000Z
S-102246,P-1036,Central,37,2024-12-01T00:00:00.000Z
S-102247,P-1006,East,43,2024-09-16T00:00:00.000Z
S-102248,P-1208,Central,56,2024-12-30T00:00:00.000Z
S-102249,P-1190,East,77,2024-02-11T00:00:00.000Z
S-102250,P-1157,East,40,2024-02-03T00:00:00.000Z
S-102251,P-1071,North,73,2024-09-14T00:00:00.000Z
S-102252,P-1186,North,75,2024-10-15T00:00:00.000Z
S-102253,P-1138,North,3,2024-04-29T00:00:00.000Z
S-102254,P-1076,East,47,2024-06-06T00:00:00.000Z
S-102255,P-1190,North,76,2024-06-30T00:00:00.000Z
S-102256,P-1080,North,66,2024-04-21T00:00:00.000Z
S-102257,P-1032,East,69,2024-08-24T00:00:00.000Z
S-102258,P-1218,West,15,2024-12-23T00:00:00.000Z
S-102259,P-1199,North,16,2024-03-23T00:00:00.000Z
S-102260,P-1085,South,11,2024-09-26T00:00:00.000Z
S-102261,P-1117,Central,4,2024-02-29T00:00:00.000Z
S-102262,P-1049,North,30,2024-08-30T00:00:00.000Z
S-102263,P-1219,South,8,2024-01-08T00:00:00.000Z
S-102264,P-1064,West,54,2024-07-07T00:00:00.000Z
S-102265,P-1073,South,25,2024-07-21T00:00:00.000Z
S-102266,P-1216,North,22,2024-04-17T00:00:00.000Z
S-102267,P-1191,East,41,2024-06-20T00:00:00.000Z
S-102268,P-1218,Central,46,2024-10-07T00:00:00.000Z
S-102269,P-1005,Central,50,2024-09-14T00:00:00.000Z
S-102270,P-1046,South,74,2024-08-29T00:00:00.000Z
S-102271,P-1005,South,20,2024-10-14T00:00:00.000Z
S-102272,P-1166,North,77,2024-07-05T00:00:00.000Z
S-102273,P-1024,West,48,2024-01-15T00:00:00.000Z
S-102274,P-1039,East,32,2024-07-21T00:00:00.000Z
S-102275,P-1200,West,38,2024-10-20T00:00:00.000Z
S-102276,P-1076,West,44,2024-01-11T00:00:00.000Z
S-102277,P-1044,East,33,2024-07-14T00:00:00.000Z
S-102278,P-1132,South,45,2024-04-05T00:00:00.000Z
S-102279,P-1148,East,52,2024-08-11T00:00:00.000Z
S-102280,P-1115,South,60,2024-02-27T00:00:00.000Z
S-102281,P-1238,North,57,2024-01-12T00:00:00.000Z
S-102282,P-1234,West,23,2024-08-17T00:00:00.000Z
S-102283,P-1206,North,40,2024-09-18T00:00:00.000Z
S-102284,P-1047,South,32,2024-02-06T00:00:00.000Z
S-102285,P-1051,West,66,2024-12-29T00:00:00.000Z
S-102286,P-1201,Central,56,2024-12-21T00:00:00.000Z
S-102287,P-1035,East,29,2024-05-24T00:00:00.000Z
S-102288,P-1189,West,75,2024-10-29T00:00:00.000Z
S-102289,P-1117,North,13,2024-04-14T00:00:00.000Z
S-102290,P-1081,East,67,2024-05-13T00:00:00.000Z
S-102291,P-1150,South,7,2024-09-11T00:00:00.000Z
S-102292,P-1116,Central,72,2024-04-24T00:00:00.000Z
S-102293,P-1087,North,10,2024-03-28T00:00:00.000Z
S-102294,P-1065,East,15,2024-06-21T00:00:00.000Z
S-102295,P-1005,Central,40,2024-08-24T00:00:00.000Z
S-102296,P-1174,West,8,2024-02-19T00:00:00.000Z
S-102297,P-1168,North,16,2024-12-20T00:00:00.000Z
S-102298,P-1003,East,58,2024-08-20T00:00:00.000Z
S-102299,P-1216,Central,62,2024-07-25T00:00:00.000Z
S-102300,P-1135,Central,14,2024-02-05T00:00:00.000Z
S-102301,P-1121,North,22,2024-02-10T00:00:00.000Z
S-102302,P-1184,Central,67,2024-12-10T00:00:00.000Z
S-102303,P-1156,East,21,2024-09-01T00:00:00.000Z
S-102304,P-1217,North,67,2024-12-06T00:00:00.000Z
S-102305,P-1148,East,33,2024-11-06T00:00:00.000Z
S-102306,P-1228,Central,30,2024-10-12T00:00:00.000Z
S-102307,P-1121,West,29,2024-12-21T00:00:00.000Z
S-102308,P-1013,West,50,2024-02-04T00:00:00.000Z
S-102309,P-1236,North,72,2024-04-28T00:00:00.000Z
S-102310,P-1007,West,3,2024-05-29T00:00:00.000Z
S-102311,P-1061,West,55,2024-04-04T00:00:00.000Z
S-102312,P-1100,North,80,2024-08-27T00:00:00.000Z
S-102313,P-1171,North,56,2024-09-24T00:00:00.000Z
S-102314,P-1200,Central,73,2024-09-17T00:00:00.000Z
S-102315,P-1057,South,37,2024-07-15T00:00:00.000Z
S-102316,P-1062,North,74,2024-06-14T00:00:00.000Z
S-102317,P-1159,South,41,2024-11-14T00:00:00.000Z
S-102318,P-1042,Central,42,2024-10-30T00:00:00.000Z
S-102319,P-1111,East,59,2024-07-29T00:00:00.000Z
S-102320,P-1172,East,49,2024-10-24T00:00:00.000Z
S-102321,P-1122,Central,16,2024-04-11T00:00:00.000Z
S-102322,P-1052,South,37,2024-04-05T00:00:00.000Z
S-102323,P-1204,Central,50,2024-07-22T00:00:00.000Z
S-102324,P-1013,West,30,2024-03-08T00:00:00.000Z
S-102325,P-1177,East,42,2024-12-25T00:00:00.000Z
S-102326,P-1098,South,16,2024-01-29T00:00:00.000Z
S-102327,P-1022,South,63,2024-10-19T00:00:00.000Z
S-102328,P-1084,West,14,2024-12-26T00:00:00.000Z
S-102329,P-1045,North,19,2024-09-11T00:00:00.000Z
S-102330,P-1124,East,54,2024-08-27T00:00:00.000Z
S-102331,P-1089,East,46,2024-12-09T00:00:00.000Z
S-102332,P-1157,South,60,2024-06-15T00:00:00.000Z
S-102333,P-1224,West,57,2024-02-24T00:00:00.000Z
S-102334,P-1051,West,59,2024-01-14T00:00:00.000Z
S-102335,P-1215,East,43,2024-07-20T00:00:00.000Z
S-102336,P-1235,South,69,2024-02-13T00:00:00.000Z
S-102337,P-1161,East,15,2024-05-05T00:00:00.000Z
S-102338,P-1186,East,40,2024-10-28T00:00:00.000Z
S-102339,P-1171,North,9,2024-06-15T00:00:00.000Z
S-102340,P-1019,Central,19,2024-01-02T00:00:00.000Z
S-102341,P-1002,West,54,2024-11-18T00:00:00.000Z
S-102342,P-1048,North,29,2024-10-09T00:00:00.000Z
S-102343,P-1154,West,12,2024-04-21T00:00:00.000Z
S-102344,P-1083,Central,4,2024-11-03T00:00:00.000Z
S-102345,P-1012,North,76,2024-06-29T00:00:00.000Z
S-102346,P-1097,North,46,2024-12-12T00:00:00.000Z
S-102347,P-1047,South,51,2024-01-22T00:00:00.000Z
S-102348,P-1021,North,6,2024-10-25T00:00:00.000Z
S-102349,P-1056,Central,23,2024-06-24T00:00:00.000Z
S-102350,P-1023,West,75,2024-01-30T00:00:00.000Z
S-102351,P-1075,North,25,2024-12-15T00:00:00.000Z
S-102352,P-1006,West,67,2024-12-30T00:00:00.000Z
S-102353,P-1054,East,14,2024-10-06T00:00:00.000Z
S-102354,P-1124,Central,57,2024-06-03T00:00:00.000Z
S-102355,P-1087,East,44,2024-11-25T00:00:00.000Z
S-102356,P-1205,West,35,2024-09-12T00:00:00.000Z
S-102357,P-1049,West,49,2024-12-09T00:00:00.000Z
S-102358,P-1131,West,41,2024-04-04T00:00:00.000Z
S-102359,P-1205,South,34,2024-08-06T00:00:00.000Z
S-102360,P-1042,West,58,2024-03-03T00:00:00.000Z
S-102361,P-1177,West,59,2024-02-13T00:00:00.000Z
S-102362,P-1105,East,64,2024-11-03T00:00:00.000Z
S-102363,P-1008,Central,25,2024-12-27T00:00:00.000Z
S-102364,P-1174,East,23,2024-11-02T00:00:00.000Z
S-102365,P-1052,West,39,2024-04-24T00:00:00.000Z
S-102366,P-1021,North,78,2024-06-28T00:00:00.000Z
S-102367,P-1071,East,26,2024-06-13T00:00:00.000Z
S-102368,P-1028,South,70,2024-10-22T00:00:00.000Z
S-102369,P-1134,West,63,2024-12-12T00:00:00.000Z
S-102370,P-1120,East,20,2024-03-16T00:00:00.000Z
S-102371,P-1151,South,68,2024-09-29T00:00:00.000Z
S-102372,P-1218,East,11,2024-10-04T00:00:00.000Z
S-102373,P-1161,East,20,2024-07-14T00:00:00.000Z
S-102374,P-1228,Central,50,2024-03-30T00:00:00.000Z
S-102375,P-1041,West,45,2024-02-09T00:00:00.000Z
S-102376,P-1026,Central,6,2024-04-05T00:00:00.000Z
S-102377,P-1059,East,72,2024-01-23T00:00:00.000Z
S-102378,P-1091,South,23,2024-04-12T00:00:00.000Z
S-102379,P-1096,Central,26,2024-05-21T00:00:00.000Z
S-102380,P-1121,West,52,2024-06-23T00:00:00.000Z
S-102381,P-1096,East,59,2024-07-14T00:00:00.000Z
S-102382,P-1237,West,10,2024-07-29T00:00:00.000Z
S-102383,P-1138,East,46,2024-08-27T00:00:00.000Z
S-102384,P-1066,Central,3,2024-01-07T00:00:00.000Z
S-102385,P-1121,West,42,2024-07-20T00:00:00.000Z
S-102386,P-1218,South,76,2024-01-08T00:00:00.000Z
S-102387,P-1011,West,7,2024-05-01T00:00:00.000Z
S-102388,P-1001,West,25,2024-05-29T00:00:00.000Z
S-102389,P-1182,East,5,2024-05-08T00:00:00.000Z
S-102390,P-1128,South,32,2024-06-29T00:00:00.000Z
S-102391,P-1019,North,39,2024-04-08T00:00:00.000Z
S-102392,P-1136,South,74,2024-04-30T00:00:00.000Z
S-102393,P-1236,Central,3,2024-03-09T00:00:00.000Z
S-102394,P-1137,North,66,2024-12-07T00:00:00.000Z
S-102395,P-1136,South,34,2024-02-13T00:00:00.000Z
S-102396,P-1139,North,79,2024-02-12T00:00:00.000Z
S-102397,P-1011,North,51,2024-05-30T00:00:00.000Z
S-102398,P-1095,East,61,2024-07-04T00:00:00.000Z
S-102399,P-1206,East,55,2024-12-07T00:00:00.000Z
S-102400,P-1012,Central,75,2024-06-13T00:00:00.000Z
S-102401,P-1191,Central,3,2024-01-21T00:00:00.000Z
S-102402,P-1055,North,33,2024-07-08T00:00:00.000Z
S-102403,P-1045,South,54,2024-09-24T00:00:00.000Z
S-102404,P-1120,North,28,2024-12-09T00:00:00.000Z
S-102405,P-1227,North,49,2024-08-22T00:00:00.000Z
S-102406,P-1008,Central,71,2024-06-30T00:00:00.000Z
S-102407,P-1174,Central,15,2024-02-13T00:00:00.000Z
S-102408,P-1162,East,14,2024-01-09T00:00:00.000Z
S-102409,P-1168,North,4,2024-09-16T00:00:00.000Z
S-102410,P-1028,West,74,2024-04-05T00:00:00.000Z
S-102411,P-1172,North,40,2024-05-29T00:00:00.000Z
S-102412,P-1090,Central,51,2024-06-15T00:00:00.000Z
S-102413,P-1150,West,24,2024-04-28T00:00:00.000Z
S-102414,P-1018,West,60,2024-05-23T00:00:00.000Z
S-102415,P-1036,South,79,2024-07-25T00:00:00.000Z
S-102416,P-1226,North,21,2024-01-17T00:00:00.000Z
S-102417,P-1204,North,10,2024-02-29T00:00:00.000Z
S-102418,P-1055,West,73,2024-07-23T00:00:00.000Z
S-102419,P-1197,East,25,2024-06-25T00:00:00.000Z
S-102420,P-1061,Central,34,2024-08-04T00:00:00.000Z
S-102421,P-1211,North,49,2024-08-12T00:00:00.000Z
S-102422,P-1217,East,32,2024-07-12T00:00:00.000Z
S-102423,P-1050,West,6,2024-08-21T00:00:00.000Z
S-102424,P-1123,Central,10,2024-03-03T00:00:00.000Z
S-102425,P-1116,East,24,2024-12-26T00:00:00.000Z
S-102426,P-1220,Central,6,2024-08-30T00:00:00.000Z
S-102427,P-1193,South,60,2024-09-30T00:00:00.000Z
S-102428,P-1231,Central,25,2024-09-20T00:00:00.000Z
S-102429,P-1197,North,50,2024-07-23T00:00:00.000Z
S-102430,P-1013,Central,1,2024-07-13T00:00:00.000Z
S-102431,P-1142,West,67,2024-05-06T00:00:00.000Z
S-102432,P-1229,Central,69,2024-11-10T00:00:00.000Z
S-102433,P-1216,North,22,2024-05-14T00:00:00.000Z
S-102434,P-1104,West,25,2024-10-15T00:00:00.000Z
S-102435,P-1030,North,40,2024-03-24T00:00:00.000Z
S-102436,P-1105,East,30,2024-06-02T00:00:00.000Z
S-102437,P-1137,South,30,2024-10-20T00:00:00.000Z
S-102438,P-1221,West,56,2024-09-01T00:00:00.000Z
S-102439,P-1146,East,70,2024-08-29T00:00:00.000Z
S-102440,P-1169,South,68,2024-11-12T00:00:00.000Z
S-102441,P-1123,Central,64,2024-02-10T00:00:00.000Z
S-102442,P-1210,South,34,2024-10-24T00:00:00.000Z
S-102443,P-1189,South,25,2024-09-03T00:00:00.000Z
S-102444,P-1041,Central,39,2024-03-25T00:00:00.000Z
S-102445,P-1215,North,14,2024-03-19T00:00:00.000Z
S-102446,P-1179,West,70,2024-11-28T00:00:00.000Z
S-102447,P-1050,East,76,2024-11-17T00:00:00.000Z
S-102448,P-1230,North,27,2024-11-12T00:00:00.000Z
S-102449,P-1036,South,70,2024-11-15T00:00:00.000Z
S-102450,P-1165,West,60,2024-01-07T00:00:00.000Z
S-102451,P-1168,East,79,2024-11-23T00:00:00.000Z
S-102452,P-1213,West,35,2024-06-08T00:00:00.000Z
S-102453,P-1219,North,29,2024-11-08T00:00:00.000Z
S-102454,P-1038,West,49,2024-07-31T00:00:00.000Z
S-102455,P-1034,North,23,2024-11-24T00:00:00.000Z
S-102456,P-1036,Central,28,2024-08-02T00:00:00.000Z
S-102457,P-1157,South,22,2024-04-16T00:00:00.000Z
S-102458,P-1032,East,49,2024-02-03T00:00:00.000Z
S-102459,P-1144,West,45,2024-11-25T00:00:00.000Z
S-102460,P-1113,East,79,2024-07-27T00:00:00.000Z
S-102461,P-1045,West,38,2024-01-23T00:00:00.000Z
S-102462,P-1033,West,2,2024-08-30T00:00:00.000Z
S-102463,P-1069,West,10,2024-07-03T00:00:00.000Z
S-102464,P-1139,East,27,2024-01-20T00:00:00.000Z
S-102465,P-1017,East,63,2024-03-09T00:00:00.000Z
S-102466,P-1054,East,44,2024-01-23T00:00:00.000Z
S-102467,P-1177,East,61,2024-10-18T00:00:00.000Z
S-102468,P-1115,East,36,2024-05-14T00:00:00.000Z
S-102469,P-1187,South,47,2024-01-04T00:00:00.000Z
S-102470,P-1158,Central,41,2024-10-22T00:00:00.000Z
S-102471,P-1114,Central,14,2024-02-05T00:00:00.000Z
S-102472,P-1217,West,8,2024-11-15T00:00:00.000Z
S-102473,P-1108,East,55,2024-04-27T00:00:00.000Z
S-102474,P-1205,East,32,2024-02-18T00:00:00.000Z
S-102475,P-1061,East,73,2024-08-25T00:00:00.000Z
S-102476,P-1185,East,44,2024-09-25T00:00:00.000Z
S-102477,P-1127,East,39,2024-11-28T00:00:00.000Z
S-102478,P-1065,Central,67,2024-02-05T00:00:00.000Z
S-102479,P-1036,West,15,2024-10-28T00:00:00.000Z
S-102480,P-1178,East,54,2024-12-18T00:00:00.000Z
S-102481,P-1177,East,29,2024-11-07T00:00:00.000Z
S-102482,P-1032,East,80,2024-12-14T00:00:00.000Z
S-102483,P-1021,Central,21,2024-07-19T00:00:00.000Z
S-102484,P-1004,West,21,2024-09-29T00:00:00.000Z
S-102485,P-1064,West,69,2024-10-24T00:00:00.000Z
S-102486,P-1122,North,58,2024-09-07T00:00:00.000Z
S-102487,P-1071,Central,36,2024-08-22T00:00:00.000Z
S-102488,P-1084,West,27,2024-12-25T00:00:00.000Z
S-102489,P-1143,Central,49,2024-06-05T00:00:00.000Z
S-102490,P-1076,Central,11,2024-03-10T00:00:00.000Z
S-102491,P-1031,East,56,2024-10-06T00:00:00.000Z
S-102492,P-1225,West,67,2024-04-07T00:00:00.000Z
S-102493,P-1207,Central,36,2024-11-26T00:00:00.000Z
S-102494,P-1003,East,9,2024-08-26T00:00:00.000Z
S-102495,P-1093,South,72,2024-11-14T00:00:00.000Z
S-102496,P-1146,East,30,2024-03-27T00:00:00.000Z
S-102497,P-1158,Central,1,2024-11-01T00:00:00.000Z
S-102498,P-1006,East,3,2024-04-03T00:00:00.000Z
S-102499,P-1203,North,80,2024-05-21T00:00:00.000Z
S-102500,P-1082,East,23,2024-07-23T00:00:00.000Z
S-102501,P-1233,East,80,2024-03-27T00:00:00.000Z
S-102502,P-1145,North,50,2024-07-21T00:00:00.000Z
S-102503,P-1096,East,21,2024-12-27T00:00:00.000Z
S-102504,P-1184,East,46,2024-05-03T00:00:00.000Z
S-102505,P-1080,East,7,2024-11-21T00:00:00.000Z
S-102506,P-1215,North,70,2024-08-13T00:00:00.000Z
S-102507,P-1087,Central,35,2024-01-14T00:00:00.000Z
S-102508,P-1117,East,54,2024-05-04T00:00:00.000Z
S-102509,P-1186,West,4,2024-11-22T00:00:00.000Z
S-102510,P-1149,East,77,2024-04-05T00:00:00.000Z
S-102511,P-1076,South,79,2024-12-20T00:00:00.000Z
S-102512,P-1042,South,9,2024-04-07T00:00:00.000Z
S-102513,P-1163,South,8,2024-12-30T00:00:00.000Z
S-102514,P-1163,North,71,2024-11-13T00:00:00.000Z
S-102515,P-1038,South,7,2024-09-02T00:00:00.000Z
S-102516,P-1233,East,42,2024-08-28T00:00:00.000Z
S-102517,P-1224,North,7,2024-02-24T00:00:00.000Z
S-102518,P-1208,Central,69,2024-03-24T00:00:00.000Z
S-102519,P-1181,South,31,2024-05-29T00:00:00.000Z
S-102520,P-1162,West,79,2024-06-16T00:00:00.000Z
S-102521,P-1227,West,29,2024-07-19T00:00:00.000Z
S-102522,P-1005,South,38,2024-12-20T00:00:00.000Z
S-102523,P-1228,North,53,2024-02-28T00:00:00.000Z
S-102524,P-1172,Central,43,2024-04-21T00:00:00.000Z
S-102525,P-1099,South,26,2024-11-10T00:00:00.000Z
S-102526,P-1070,North,25,2024-09-18T00:00:00.000Z
S-102527,P-1110,South,72,2024-05-06T00:00:00.000Z
S-102528,P-1041,Central,16,2024-08-18T00:00:00.000Z
S-102529,P-1099,Central,62,2024-01-29T00:00:00.000Z
S-102530,P-1023,South,56,2024-10-05T00:00:00.000Z
S-102531,P-1206,Central,64,2024-10-31T00:00:00.000Z
S-102532,P-1195,North,51,2024-06-11T00:00:00.000Z
S-102533,P-1193,Central,62,2024-01-06T00:00:00.000Z
S-102534,P-1015,North,80,2024-04-03T00:00:00.000Z
S-102535,P-1014,Central,26,2024-09-08T00:00:00.000Z
S-102536,P-1208,East,8,2024-02-28T00:00:00.000Z
S-102537,P-1004,Central,70,2024-12-03T00:00:00.000Z
S-102538,P-1217,West,16,2024-09-01T00:00:00.000Z
S-102539,P-1041,Central,31,2024-11-29T00:00:00.000Z
S-102540,P-1157,North,64,2024-07-01T00:00:00.000Z
S-102541,P-1084,Central,47,2024-09-14T00:00:00.000Z
S-102542,P-1202,Central,75,2024-11-04T00:00:00.000Z
S-102543,P-1023,East,19,2024-10-03T00:00:00.000Z
S-102544,P-1202,West,28,2024-11-20T00:00:00.000Z
S-102545,P-1072,East,4,2024-06-08T00:00:00.000Z
S-102546,P-1008,South,16,2024-04-30T00:00:00.000Z
S-102547,P-1029,Central,58,2024-11-23T00:00:00.000Z
S-102548,P-1043,Central,19,2024-07-26T00:00:00.000Z
S-102549,P-1237,West,72,2024-02-21T00:00:00.000Z
S-102550,P-1204,West,76,2024-02-09T00:00:00.000Z
S-102551,P-1133,East,64,2024-03-01T00:00:00.000Z
S-102552,P-1228,North,54,2024-04-25T00:00:00.000Z
S-102553,P-1134,North,3,2024-10-16T00:00:00.000Z
S-102554,P-1134,North,61,2024-12-24T00:00:00.000Z
S-102555,P-1195,South,13,2024-04-23T00:00:00.000Z
S-102556,P-1239,South,34,2024-06-03T00:00:00.000Z
S-102557,P-1037,West,46,2024-01-13T00:00:00.000Z
S-102558,P-1065,West,79,2024-05-14T00:00:00.000Z
S-102559,P-1119,Central,6,2024-09-29T00:00:00.000Z
S-102560,P-1231,West,60,2024-10-01T00:00:00.000Z
S-102561,P-1097,East,17,2024-07-07T00:00:00.000Z
S-102562,P-1035,Central,9,2024-02-14T00:00:00.000Z
S-102563,P-1029,West,32,2024-10-30T00:00:00.000Z
S-102564,P-1016,South,41,2024-11-09T00:00:00.000Z
S-102565,P-1196,Central,5,2024-01-06T00:00:00.000Z
S-102566,P-1068,East,20,2024-12-29T00:00:00.000Z
S-102567,P-1211,East,48,2024-03-03T00:00:00.000Z
S-102568,P-1052,East,20,2024-12-05T00:00:00.000Z
S-102569,P-1162,East,41,2024-08-12T00:00:00.000Z
S-102570,P-1117,Central,41,2024-02-19T00:00:00.000Z
S-102571,P-1205,West,44,2024-08-11T00:00:00.000Z
S-102572,P-1100,North,40,2024-04-21T00:00:00.000Z
S-102573,P-1166,West,67,2024-08-03T00:00:00.000Z
S-102574,P-1146,North,18,2024-07-28T00:00:00.000Z
S-102575,P-1120,Central,14,2024-05-21T00:00:00.000Z
S-102576,P-1188,South,40,2024-02-07T00:00:00.000Z
S-102577,P-1102,East,41,2024-08-19T00:00:00.000Z
S-102578,P-1041,West,59,2024-09-23T00:00:00.000Z
S-102579,P-1193,North,16,2024-03-18T00:00:00.000Z
S-102580,P-1036,South,17,2024-06-10T00:00:00.000Z
S-102581,P-1229,East,6,2024-07-03T00:00:00.000Z
S-102582,P-1010,West,24,2024-07-28T00:00:00.000Z
S-102583,P-1202,East,73,2024-04-18T00:00:00.000Z
S-102584,P-1061,West,72,2024-03-15T00:00:00.000Z
S-102585,P-1145,South,57,2024-03-02T00:00:00.000Z
S-102586,P-1216,Central,4,2024-08-11T00:00:00.000Z
S-102587,P-1024,North,23,2024-01-04T00:00:00.000Z
S-102588,P-1188,West,39,2024-05-20T00:00:00.000Z
S-102589,P-1038,West,52,2024-11-28T00:00:00.000Z
S-102590,P-1170,South,34,2024-11-29T00:00:00.000Z
S-102591,P-1151,East,75,2024-11-24T00:00:00.000Z
S-102592,P-1018,Central,16,2024-04-09T00:00:00.000Z
S-102593,P-1124,North,25,2024-02-07T00:00:00.000Z
S-102594,P-1037,South,50,2024-04-20T00:00:00.000Z
S-102595,P-1103,South,11,2024-11-21T00:00:00.000Z
S-102596,P-1169,South,65,2024-05-22T00:00:00.000Z
S-102597,P-1169,West,20,2024-04-08T00:00:00.000Z
S-102598,P-1085,East,28,2024-04-26T00:00:00.000Z
S-102599,P-1141,East,30,2024-04-10T00:00:00.000Z
S-102600,P-1218,Central,17,2024-02-14T00:00:00.000Z
S-102601,P-1009,West,62,2024-07-09T00:00:00.000Z
S-102602,P-1014,North,23,2024-05-30T00:00:00.000Z
S-102603,P-1095,North,31,2024-09-02T00:00:00.000Z
S-102604,P-1226,North,16,2024-04-21T00:00:00.000Z
S-102605,P-1181,East,79,2024-03-26T00:00:00.000Z
S-102606,P-1101,Central,77,2024-06-22T00:00:00.000Z
S-102607,P-1167,South,27,2024-06-23T00:00:00.000Z
S-102608,P-1142,North,16,2024-08-03T00:00:00.000Z
S-102609,P-1221,East,10,2024-12-22T00:00:00.000Z
S-102610,P-1178,Central,26,2024-03-18T00:00:00.000Z
S-102611,P-1142,South,29,2024-07-18T00:00:00.000Z
S-102612,P-1027,West,2,2024-03-20T00:00:00.000Z
S-102613,P-1039,East,46,2024-05-09T00:00:00.000Z
S-102614,P-1011,Central,15,2024-06-12T00:00:00.000Z
S-102615,P-1004,East,33,2024-01-31T00:00:00.000Z
S-102616,P-1014,Central,1,2024-08-06T00:00:00.000Z
S-102617,P-1052,East,62,2024-04-09T00:00:00.000Z
S-102618,P-1173,South,80,2024-06-14T00:00:00.000Z
S-102619,P-1119,East,59,2024-08-25T00:00:00.000Z
S-102620,P-1202,East,51,2024-01-11T00:00:00.000Z
S-102621,P-1007,Central,17,2024-06-08T00:00:00.000Z
S-102622,P-1205,West,14,2024-05-27T00:00:00.000Z
S-102623,P-1151,West,63,2024-08-05T00:00:00.000Z
S-102624,P-1194,North,11,2024-12-08T00:00:00.000Z
S-102625,P-1067,South,70,2024-02-17T00:00:00.000Z
S-102626,P-1026,East,30,2024-11-20T00:00:00.000Z
S-102627,P-1170,North,79,2024-05-31T00:00:00.000Z
S-102628,P-1017,Central,50,2024-02-21T00:00:00.000Z
S-102629,P-1048,South,20,2024-09-08T00:00:00.000Z
S-102630,P-1079,North,9,2024-02-15T00:00:00.000Z
S-102631,P-1191,West,79,2024-04-12T00:00:00.000Z
S-102632,P-1171,West,10,2024-09-22T00:00:00.000Z
S-102633,P-1151,North,26,2024-11-07T00:00:00.000Z
S-102634,P-1143,North,20,2024-06-05T00:00:00.000Z
S-102635,P-1144,West,64,2024-06-01T00:00:00.000Z
S-102636,P-1213,East,23,2024-05-01T00:00:00.000Z
S-102637,P-1137,North,52,2024-12-10T00:00:00.000Z
S-102638,P-1070,Central,4,2024-01-04T00:00:00.000Z
S-102639,P-1080,North,55,2024-01-19T00:00:00.000Z
S-102640,P-1055,South,46,2024-04-02T00:00:00.000Z
S-102641,P-1058,East,68,2024-03-20T00:00:00.000Z
S-102642,P-1119,North,11,2024-05-29T00:00:00.000Z
S-102643,P-1131,Central,32,2024-12-29T00:00:00.000Z
S-102644,P-1128,Central,12,2024-05-04T00:00:00.000Z
S-102645,P-1140,Central,32,2024-05-02T00:00:00.000Z
S-102646,P-1111,South,58,2024-01-22T00:00:00.000Z
S-102647,P-1038,North,11,2024-12-01T00:00:00.000Z
S-102648,P-1186,West,16,2024-09-23T00:00:00.000Z
S-102649,P-1174,West,25,2024-04-25T00:00:00.000Z
S-102650,P-1017,North,15,2024-08-21T00:00:00.000Z
S-102651,P-1212,East,8,2024-10-14T00:00:00.000Z
S-102652,P-1120,West,13,2024-02-29T00:00:00.000Z
S-102653,P-1218,Central,14,2024-01-21T00:00:00.000Z
S-102654,P-1083,North,52,2024-09-22T00:00:00.000Z
S-102655,P-1067,North,72,2024-04-06T00:00:00.000Z
S-102656,P-1109,North,49,2024-09-27T00:00:00.000Z
S-102657,P-1115,North,70,2024-04-06T00:00:00.000Z
S-102658,P-1083,Central,54,2024-05-12T00:00:00.000Z
S-102659,P-1074,East,78,2024-01-26T00:00:00.000Z
S-102660,P-1239,Central,76,2024-12-01T00:00:00.000Z
S-102661,P-1096,West,68,2024-12-15T00:00:00.000Z
S-102662,P-1021,West,22,2024-04-09T00:00:00.000Z
S-102663,P-1224,East,66,2024-09-23T00:00:00.000Z
S-102664,P-1198,East,75,2024-10-10T00:00:00.000Z
S-102665,P-1101,West,3,2024-05-15T00:00:00.000Z
S-102666,P-1144,West,54,2024-02-20T00:00:00.000Z
S-102667,P-1079,Central,50,2024-04-10T00:00:00.000Z
S-102668,P-1056,East,39,2024-01-04T00:00:00.000Z
S-102669,P-1134,East,1,2024-06-09T00:00:00.000Z
S-102670,P-1177,Central,67,2024-02-12T00:00:00.000Z
S-102671,P-1116,North,58,2024-09-12T00:00:00.000Z
S-102672,P-1040,Central,79,2024-05-24T00:00:00.000Z
S-102673,P-1200,South,40,2024-01-17T00:00:00.000Z
S-102674,P-1079,East,44,2024-05-06T00:00:00.000Z
S-102675,P-1148,Central,59,2024-06-17T00:00:00.000Z
S-102676,P-1083,North,57,2024-06-14T00:00:00.000Z
S-102677,P-1177,South,78,2024-11-30T00:00:00.000Z
S-102678,P-1132,South,66,2024-01-15T00:00:00.000Z
S-102679,P-1018,South,43,2024-07-22T00:00:00.000Z
S-102680,P-1149,East,20,2024-04-21T00:00:00.000Z
S-102681,P-1017,North,38,2024-01-16T00:00:00.000Z
S-102682,P-1176,Central,11,2024-04-21T00:00:00.000Z
S-102683,P-1054,North,58,2024-01-13T00:00:00.000Z
S-102684,P-1012,Central,80,2024-07-08T00:00:00.000Z
S-102685,P-1041,South,59,2024-03-17T00:00:00.000Z
S-102686,P-1154,East,48,2024-03-31T00:00:00.000Z
S-102687,P-1184,South,54,2024-07-23T00:00:00.000Z
S-102688,P-1152,North,13,2024-04-08T00:00:00.000Z
S-102689,P-1087,North,35,2024-11-02T00:00:00.000Z
S-102690,P-1147,West,78,2024-09-09T00:00:00.000Z
S-102691,P-1225,Central,14,2024-05-23T00:00:00.000Z
S-102692,P-1030,Central,67,2024-03-14T00:00:00.000Z
S-102693,P-1138,North,72,2024-06-17T00:00:00.000Z
S-102694,P-1030,Central,33,2024-11-06T00:00:00.000Z
S-102695,P-1105,West,38,2024-09-03T00:00:00.000Z
S-102696,P-1132,Central,61,2024-08-17T00:00:00.000Z
S-102697,P-1223,North,21,2024-11-15T00:00:00.000Z
S-102698,P-1023,Central,64,2024-06-08T00:00:00.000Z
S-102699,P-1154,South,47,2024-06-08T00:00:00.000Z
S-102700,P-1119,North,51,2024-09-15T00:00:00.000Z
S-102701,P-1127,Central,50,2024-07-24T00:00:00.000Z
S-102702,P-1045,East,80,2024-07-01T00:00:00.000Z
S-102703,P-1110,West,12,2024-04-07T00:00:00.000Z
S-102704,P-1069,East,76,2024-01-26T00:00:00.000Z
S-102705,P-1098,South,61,2024-07-07T00:00:00.000Z
S-102706,P-1125,North,11,2024-09-03T00:00:00.000Z
S-102707,P-1133,West,26,2024-05-02T00:00:00.000Z
S-102708,P-1024,East,60,2024-03-29T00:00:00.000Z
S-102709,P-1186,Central,73,2024-08-03T00:00:00.000Z
S-102710,P-1144,West,65,2024-02-10T00:00:00.000Z
S-102711,P-1058,East,12,2024-12-07T00:00:00.000Z
S-102712,P-1155,Central,9,2024-11-23T00:00:00.000Z
S-102713,P-1146,North,4,2024-11-18T00:00:00.000Z
S-102714,P-1160,Central,77,2024-05-07T00:00:00.000Z
S-102715,P-1091,East,38,2024-11-17T00:00:00.000Z
S-102716,P-1155,South,28,2024-10-22T00:00:00.000Z
S-102717,P-1160,West,78,2024-08-17T00:00:00.000Z
S-102718,P-1201,Central,70,2024-10-26T00:00:00.000Z
S-102719,P-1034,West,37,2024-03-28T00:00:00.000Z
S-102720,P-1074,Central,73,2024-10-14T00:00:00.000Z
S-102721,P-1199,South,68,2024-08-31T00:00:00.000Z
S-102722,P-1150,South,42,2024-01-20T00:00:00.000Z
S-102723,P-1190,West,18,2024-07-04T00:00:00.000Z
S-102724,P-1012,North,26,2024-10-12T00:00:00.000Z
S-102725,P-1093,West,4,2024-12-10T00:00:00.000Z
S-102726,P-1223,North,48,2024-09-12T00:00:00.000Z
S-102727,P-1060,Central,31,2024-05-19T00:00:00.000Z
S-102728,P-1113,North,40,2024-05-24T00:00:00.000Z
S-102729,P-1170,North,1,2024-11-05T00:00:00.000Z
S-102730,P-1165,East,42,2024-12-21T00:00:00.000Z
S-102731,P-1166,Central,70,2024-07-02T00:00:00.000Z
S-102732,P-1224,West,19,2024-02-13T00:00:00.000Z
S-102733,P-1188,Central,78,2024-11-23T00:00:00.000Z
S-102734,P-1143,West,53,2024-02-15T00:00:00.000Z
S-102735,P-1224,North,30,2024-02-07T00:00:00.000Z
S-102736,P-1110,Central,71,2024-04-20T00:00:00.000Z
S-102737,P-1148,East,80,2024-11-09T00:00:00.000Z
S-102738,P-1186,North,22,2024-10-05T00:00:00.000Z
S-102739,P-1013,Central,38,2024-06-19T00:00:00.000Z
S-102740,P-1112,Central,32,2024-02-13T00:00:00.000Z
S-102741,P-1105,West,45,2024-10-19T00:00:00.000Z
S-102742,P-1072,South,47,2024-07-12T00:00:00.000Z
S-102743,P-1084,North,21,2024-05-16T00:00:00.000Z
S-102744,P-1180,Central,16,2024-09-08T00:00:00.000Z
S-102745,P-1000,South,7,2024-01-08T00:00:00.000Z
S-102746,P-1208,Central,3,2024-11-10T00:00:00.000Z
S-102747,P-1229,South,69,2024-11-17T00:00:00.000Z
S-102748,P-1202,South,9,2024-11-26T00:00:00.000Z
S-102749,P-1077,West,16,2024-03-13T00:00:00.000Z
S-102750,P-1087,East,22,2024-05-10T00:00:00.000Z
S-102751,P-1174,North,26,2024-07-23T00:00:00.000Z
S-102752,P-1199,Central,28,2024-12-22T00:00:00.000Z
S-102753,P-1106,West,8,2024-07-29T00:00:00.000Z
S-102754,P-1220,West,42,2024-04-19T00:00:00.000Z
S-102755,P-1231,Central,76,2024-08-10T00:00:00.000Z
S-102756,P-1028,North,44,2024-10-24T00:00:00.000Z
S-102757,P-1145,West,5,2024-07-10T00:00:00.000Z
S-102758,P-1033,East,12,2024-01-18T00:00:00.000Z
S-102759,P-1208,East,46,2024-09-25T00:00:00.000Z
S-102760,P-1152,North,51,2024-04-25T00:00:00.000Z
S-102761,P-1038,East,33,2024-07-10T00:00:00.000Z
S-102762,P-1217,West,17,2024-05-02T00:00:00.000Z
S-102763,P-1229,North,64,2024-09-18T00:00:00.000Z
S-102764,P-1056,North,15,2024-07-09T00:00:00.000Z
S-102765,P-1207,East,21,2024-05-19T00:00:00.000Z
S-102766,P-1191,West,26,2024-06-13T00:00:00.000Z
S-102767,P-1164,South,6,2024-03-26T00:00:00.000Z
S-102768,P-1029,Central,22,2024-03-10T00:00:00.000Z
S-102769,P-1073,Central,79,2024-09-14T00:00:00.000Z
S-102770,P-1234,East,20,2024-10-05T00:00:00.000Z
S-102771,P-1021,Central,48,2024-12-18T00:00:00.000Z
S-102772,P-1156,South,24,2024-11-11T00:00:00.000Z
S-102773,P-1215,Central,71,2024-03-31T00:00:00.000Z
S-102774,P-1006,West,17,2024-12-16T00:00:00.000Z
S-102775,P-1028,South,76,2024-04-17T00:00:00.000Z
S-102776,P-1188,Central,53,2024-02-18T00:00:00.000Z
S-102777,P-1169,Central,78,2024-01-09T00:00:00.000Z
S-102778,P-1009,South,44,2024-03-24T00:00:00.000Z
S-102779,P-1106,North,43,2024-08-13T00:00:00.000Z
S-102780,P-1094,East,9,2024-11-03T00:00:00.000Z
S-102781,P-1163,West,45,2024-05-30T00:00:00.000Z
S-102782,P-1218,East,42,2024-08-16T00:00:00.000Z
S-102783,P-1206,North,77,2024-11-17T00:00:00.000Z
S-102784,P-1128,West,46,2024-12-03T00:00:00.000Z
S-102785,P-1049,North,15,2024-09-11T00:00:00.000Z
S-102786,P-1223,South,67,2024-02-27T00:00:00.000Z
S-102787,P-1114,South,54,2024-06-13T00:00:00.000Z
S-102788,P-1162,North,63,2024-10-14T00:00:00.000Z
S-102789,P-1192,West,64,2024-12-04T00:00:00.000Z
S-102790,P-1099,Central,29,2024-10-01T00:00:00.000Z
S-102791,P-1224,West,72,2024-03-08T00:00:00.000Z
S-102792,P-1085,Central,33,2024-01-10T00:00:00.000Z
S-102793,P-1129,East,66,2024-03-14T00:00:00.000Z
S-102794,P-1144,South,20,2024-07-13T00:00:00.000Z
S-102795,P-1014,West,48,2024-12-29T00:00:00.000Z
S-102796,P-1141,Central,57,2024-04-25T00:00:00.000Z
S-102797,P-1198,East,58,2024-01-22T00:00:00.000Z
S-102798,P-1203,Central,3,2024-06-15T00:00:00.000Z
S-102799,P-1214,North,52,2024-04-13T00:00:00.000Z
S-102800,P-1061,West,75,2024-02-17T00:00:00.000Z
S-102801,P-1064,Central,3,2024-07-10T00:00:00.000Z
S-102802,P-1180,East,70,2024-12-23T00:00:00.000Z
S-102803,P-1005,Central,24,2024-06-24T00:00:00.000Z
S-102804,P-1039,South,73,2024-02-08T00:00:00.000Z
S-102805,P-1146,Central,16,2024-09-02T00:00:00.000Z
S-102806,P-1180,South,8,2024-06-04T00:00:00.000Z
S-102807,P-1071,South,52,2024-01-18T00:00:00.000Z
S-102808,P-1060,Central,9,2024-04-11T00:00:00.000Z
S-102809,P-1237,South,58,2024-04-20T00:00:00.000Z
S-102810,P-1040,West,19,2024-12-08T00:00:00.000Z
S-102811,P-1176,North,27,2024-10-02T00:00:00.000Z
S-102812,P-1182,Central,2,2024-10-19T00:00:00.000Z
S-102813,P-1079,North,28,2024-04-22T00:00:00.000Z
S-102814,P-1029,South,19,2024-08-24T00:00:00.000Z
S-102815,P-1119,South,73,2024-05-15T00:00:00.000Z
S-102816,P-1089,North,69,2024-04-27T00:00:00.000Z
S-102817,P-1195,East,62,2024-05-30T00:00:00.000Z
S-102818,P-1040,South,13,2024-06-16T00:00:00.000Z
S-102819,P-1099,Central,20,2024-10-24T00:00:00.000Z
S-102820,P-1176,Central,46,2024-12-25T00:00:00.000Z
S-102821,P-1133,Central,30,2024-12-05T00:00:00.000Z
S-102822,P-1231,South,23,2024-06-29T00:00:00.000Z
S-102823,P-1071,North,42,2024-03-03T00:00:00.000Z
S-102824,P-1105,West,57,2024-09-08T00:00:00.000Z
S-102825,P-1052,Central,5,2024-04-14T00:00:00.000Z
S-102826,P-1141,North,23,2024-06-20T00:00:00.000Z
S-102827,P-1031,North,38,2024-04-07T00:00:00.000Z
S-102828,P-1005,North,56,2024-10-21T00:00:00.000Z
S-102829,P-1133,West,63,2024-11-13T00:00:00.000Z
S-102830,P-1097,North,10,2024-10-18T00:00:00.000Z
S-102831,P-1010,East,44,2024-03-11T00:00:00.000Z
S-102832,P-1190,East,2,2024-04-24T00:00:00.000Z
S-102833,P-1148,North,51,2024-12-04T00:00:00.000Z
S-102834,P-1067,Central,40,2024-06-06T00:00:00.000Z
S-102835,P-1181,North,7,2024-07-14T00:00:00.000Z
S-102836,P-1036,East,55,2024-08-08T00:00:00.000Z
S-102837,P-1048,North,76,2024-06-27T00:00:00.000Z
S-102838,P-1115,South,4,2024-07-08T00:00:00.000Z
S-102839,P-1196,West,69,2024-11-19T00:00:00.000Z
S-102840,P-1202,West,55,2024-02-25T00:00:00.000Z
S-102841,P-1045,North,17,2024-12-25T00:00:00.000Z
S-102842,P-1236,East,22,2024-03-18T00:00:00.000Z
S-102843,P-1042,West,77,2024-02-05T00:00:00.000Z
S-102844,P-1097,East,58,2024-09-09T00:00:00.000Z
S-102845,P-1180,South,43,2024-02-06T00:00:00.000Z
S-102846,P-1147,East,41,2024-07-04T00:00:00.000Z
S-102847,P-1129,South,12,2024-06-28T00:00:00.000Z
S-102848,P-1081,Central,59,2024-08-23T00:00:00.000Z
S-102849,P-1195,South,33,2024-07-16T00:00:00.000Z
S-102850,P-1029,Central,63,2024-02-01T00:00:00.000Z
S-102851,P-1069,North,61,2024-11-02T00:00:00.000Z
S-102852,P-1028,West,10,2024-04-29T00:00:00.000Z
S-102853,P-1157,Central,28,2024-11-16T00:00:00.000Z
S-102854,P-1211,North,24,2024-10-16T00:00:00.000Z
S-102855,P-1227,South,10,2024-10-19T00:00:00.000Z
S-102856,P-1018,East,46,2024-03-26T00:00:00.000Z
S-102857,P-1165,North,42,2024-06-07T00:00:00.000Z
S-102858,P-1052,Central,21,2024-08-13T00:00:00.000Z
S-102859,P-1065,North,24,2024-03-17T00:00:00.000Z
S-102860,P-1092,Central,70,2024-03-08T00:00:00.000Z
S-102861,P-1134,Central,63,2024-08-29T00:00:00.000Z
S-102862,P-1058,South,40,2024-06-21T00:00:00.000Z
S-102863,P-1042,East,22,2024-06-28T00:00:00.000Z
S-102864,P-1206,North,75,2024-04-22T00:00:00.000Z
S-102865,P-1151,Central,73,2024-08-25T00:00:00.000Z
S-102866,P-1229,North,41,2024-04-24T00:00:00.000Z
S-102867,P-1115,East,30,2024-08-06T00:00:00.000Z
S-102868,P-1098,South,54,2024-10-03T00:00:00.000Z
S-102869,P-1175,South,32,2024-02-02T00:00:00.000Z
S-102870,P-1060,West,12,2024-12-03T00:00:00.000Z
S-102871,P-1112,East,23,2024-06-18T00:00:00.000Z
S-102872,P-1237,Central,78,2024-10-23T00:00:00.000Z
S-102873,P-1016,North,8,2024-05-15T00:00:00.000Z
S-102874,P-1207,Central,61,2024-02-03T00:00:00.000Z
S-102875,P-1019,South,53,2024-06-23T00:00:00.000Z
S-102876,P-1141,Central,12,2024-04-02T00:00:00.000Z
S-102877,P-1104,South,70,2024-11-14T00:00:00.000Z
S-102878,P-1056,East,33,2024-07-17T00:00:00.000Z
S-102879,P-1106,South,61,2024-12-21T00:00:00.000Z
S-102880,P-1067,North,47,2024-02-18T00:00:00.000Z
S-102881,P-1078,South,12,2024-02-17T00:00:00.000Z
S-102882,P-1071,West,76,2024-09-14T00:00:00.000Z
S-102883,P-1102,East,36,2024-10-30T00:00:00.000Z
S-102884,P-1213,North,20,2024-06-11T00:00:00.000Z
S-102885,P-1002,West,20,2024-03-14T00:00:00.000Z
S-102886,P-1180,West,39,2024-04-01T00:00:00.000Z
S-102887,P-1001,East,54,2024-09-26T00:00:00.000Z
S-102888,P-1225,East,59,2024-08-03T00:00:00.000Z
S-102889,P-1098,North,59,2024-07-26T00:00:00.000Z
S-102890,P-1139,Central,27,2024-01-26T00:00:00.000Z
S-102891,P-1067,West,38,2024-09-12T00:00:00.000Z
S-102892,P-1219,East,39,2024-05-31T00:00:00.000Z
S-102893,P-1075,East,64,2024-08-15T00:00:00.000Z
S-102894,P-1184,South,46,2024-01-26T00:00:00.000Z
S-102895,P-1184,South,16,2024-09-28T00:00:00.000Z
S-102896,P-1020,Central,52,2024-04-26T00:00:00.000Z
S-102897,P-1079,West,28,2024-05-19T00:00:00.000Z
S-102898,P-1122,Central,18,2024-07-10T00:00:00.000Z
S-102899,P-1194,Central,10,2024-03-29T00:00:00.000Z
S-102900,P-1107,North,7,2024-07-02T00:00:00.000Z
S-102901,P-1155,West,80,2024-04-22T00:00:00.000Z
S-102902,P-1051,North,43,2024-03-17T00:00:00.000Z
S-102903,P-1050,Central,23,2024-04-19T00:00:00.000Z
S-102904,P-1004,East,80,2024-12-13T00:00:00.000Z
S-102905,P-1013,South,29,2024-04-03T00:00:00.000Z
S-102906,P-1238,Central,8,2024-04-13T00:00:00.000Z
S-102907,P-1084,East,12,2024-12-11T00:00:00.000Z
S-102908,P-1107,East,65,2024-03-26T00:00:00.000Z
S-102909,P-1234,South,12,2024-05-30T00:00:00.000Z
S-102910,P-1045,South,64,2024-08-20T00:00:00.000Z
S-102911,P-1087,Central,77,2024-08-10T00:00:00.000Z
S-102912,P-1069,Central,39,2024-03-27T00:00:00.000Z
S-102913,P-1233,East,72,2024-03-17T00:00:00.000Z
S-102914,P-1013,Central,53,2024-08-18T00:00:00.000Z
S-102915,P-1107,South,63,2024-11-30T00:00:00.000Z
S-102916,P-1054,South,33,2024-04-10T00:00:00.000Z
S-102917,P-1056,North,27,2024-05-28T00:00:00.000Z
S-102918,P-1080,Central,60,2024-11-20T00:00:00.000Z
S-102919,P-1068,South,35,2024-02-14T00:00:00.000Z
S-102920,P-1195,North,53,2024-03-20T00:00:00.000Z
S-102921,P-1046,South,9,2024-10-14T00:00:00.000Z
S-102922,P-1145,West,2,2024-06-22T00:00:00.000Z
S-102923,P-1047,East,70,2024-03-21T00:00:00.000Z
S-102924,P-1033,North,65,2024-11-06T00:00:00.000Z
S-102925,P-1103,West,60,2024-02-09T00:00:00.000Z
S-102926,P-1063,South,46,2024-05-27T00:00:00.000Z
S-102927,P-1216,South,50,2024-11-17T00:00:00.000Z
S-102928,P-1182,South,39,2024-08-04T00:00:00.000Z
S-102929,P-1190,Central,71,2024-04-22T00:00:00.000Z
S-102930,P-1015,West,64,2024-01-29T00:00:00.000Z
S-102931,P-1205,North,39,2024-11-14T00:00:00.000Z
S-102932,P-1008,East,62,2024-04-24T00:00:00.000Z
S-102933,P-1025,East,32,2024-09-24T00:00:00.000Z
S-102934,P-1001,West,15,2024-07-23T00:00:00.000Z
S-102935,P-1232,South,44,2024-07-10T00:00:00.000Z
S-102936,P-1038,East,59,2024-01-31T00:00:00.000Z
S-102937,P-1189,North,40,2024-06-01T00:00:00.000Z
S-102938,P-1173,Central,45,2024-04-11T00:00:00.000Z
S-102939,P-1187,South,38,2024-09-06T00:00:00.000Z
S-102940,P-1129,West,29,2024-10-08T00:00:00.000Z
S-102941,P-1063,Central,20,2024-01-06T00:00:00.000Z
S-102942,P-1129,East,32,2024-05-17T00:00:00.000Z
S-102943,P-1212,Central,9,2024-03-04T00:00:00.000Z
S-102944,P-1101,South,43,2024-04-24T00:00:00.000Z
S-102945,P-1227,East,31,2024-09-26T00:00:00.000Z
S-102946,P-1019,East,44,2024-11-14T00:00:00.000Z
S-102947,P-1213,North,64,2024-04-06T00:00:00.000Z
S-102948,P-1122,West,8,2024-10-09T00:00:00.000Z
S-102949,P-1030,East,45,2024-11-24T00:00:00.000Z
S-102950,P-1047,South,39,2024-05-10T00:00:00.000Z
S-102951,P-1076,North,52,2024-04-04T00:00:00.000Z
S-102952,P-1097,West,6,2024-02-06T00:00:00.000Z
S-102953,P-1010,West,36,2024-07-08T00:00:00.000Z
S-102954,P-1225,East,70,2024-03-06T00:00:00.000Z
S-102955,P-1074,West,13,2024-12-21T00:00:00.000Z
S-102956,P-1224,South,11,2024-02-20T00:00:00.000Z
S-102957,P-1099,Central,49,2024-03-10T00:00:00.000Z
S-102958,P-1039,East,45,2024-07-31T00:00:00.000Z
S-102959,P-1154,South,69,2024-08-05T00:00:00.000Z
S-102960,P-1082,Central,70,2024-05-06T00:00:00.000Z
S-102961,P-1187,Central,43,2024-03-04T00:00:00.000Z
S-102962,P-1202,North,79,2024-03-14T00:00:00.000Z
S-102963,P-1152,East,26,2024-01-11T00:00:00.000Z
S-102964,P-1165,South,27,2024-04-26T00:00:00.000Z
S-102965,P-1237,East,56,2024-08-05T00:00:00.000Z
S-102966,P-1016,East,34,2024-02-29T00:00:00.000Z
S-102967,P-1023,Central,53,2024-01-06T00:00:00.000Z
S-102968,P-1118,East,18,2024-03-20T00:00:00.000Z
S-102969,P-1063,South,5,2024-03-24T00:00:00.000Z
S-102970,P-1044,East,30,2024-04-13T00:00:00.000Z
S-102971,P-1239,North,74,2024-11-12T00:00:00.000Z
S-102972,P-1055,Central,59,2024-12-10T00:00:00.000Z
S-102973,P-1189,West,55,2024-09-29T00:00:00.000Z
S-102974,P-1103,Central,79,2024-10-15T00:00:00.000Z
S-102975,P-1128,West,35,2024-02-17T00:00:00.000Z
S-102976,P-1123,West,65,2024-12-07T00:00:00.000Z
S-102977,P-1067,East,67,2024-02-02T00:00:00.000Z
S-102978,P-1049,East,75,2024-04-02T00:00:00.000Z
S-102979,P-1178,North,9,2024-10-08T00:00:00.000Z
S-102980,P-1142,South,46,2024-03-08T00:00:00.000Z
S-102981,P-1090,West,12,2024-06-29T00:00:00.000Z
S-102982,P-1203,South,56,2024-05-06T00:00:00.000Z
S-102983,P-1206,Central,18,2024-08-21T00:00:00.000Z
S-102984,P-1060,Central,64,2024-08-01T00:00:00.000Z
S-102985,P-1176,Central,60,2024-04-30T00:00:00.000Z
S-102986,P-1083,North,59,2024-09-04T00:00:00.000Z
S-102987,P-1027,Central,22,2024-10-02T00:00:00.000Z
S-102988,P-1233,East,4,2024-09-26T00:00:00.000Z
S-102989,P-1145,East,76,2024-07-11T00:00:00.000Z
S-102990,P-1059,West,42,2024-02-18T00:00:00.000Z
S-102991,P-1081,North,30,2024-05-27T00:00:00.000Z
S-102992,P-1142,East,14,2024-07-15T00:00:00.000Z
S-102993,P-1165,East,37,2024-07-11T00:00:00.000Z
S-102994,P-1229,Central,37,2024-05-16T00:00:00.000Z
S-102995,P-1203,South,32,2024-12-05T00:00:00.000Z
S-102996,P-1058,South,63,2024-02-04T00:00:00.000Z
S-102997,P-1165,North,37,2024-11-05T00:00:00.000Z
S-102998,P-1027,East,40,2024-08-25T00:00:00.000Z
S-102999,P-1153,Central,54,2024-08-14T00:00:00.000Z
S-103000,P-1084,Central,24,2024-11-21T00:00:00.000Z
S-103001,P-1162,East,15,2024-09-14T00:00:00.000Z
S-103002,P-1050,West,35,2024-02-26T00:00:00.000Z
S-103003,P-1153,Central,67,2024-01-18T00:00:00.000Z
S-103004,P-1204,North,5,2024-07-22T00:00:00.000Z
S-103005,P-1120,West,22,2024-04-17T00:00:00.000Z
S-103006,P-1185,Central,25,2024-10-16T00:00:00.000Z
S-103007,P-1230,South,11,2024-10-01T00:00:00.000Z
S-103008,P-1154,North,2,2024-12-08T00:00:00.000Z
S-103009,P-1176,South,16,2024-08-11T00:00:00.000Z
S-103010,P-1139,Central,75,2024-02-20T00:00:00.000Z
S-103011,P-1042,North,30,2024-07-17T00:00:00.000Z
S-103012,P-1116,North,31,2024-03-13T00:00:00.000Z
S-103013,P-1205,West,12,2024-07-06T00:00:00.000Z
S-103014,P-1203,Central,26,2024-05-27T00:00:00.000Z
S-103015,P-1191,South,39,2024-11-22T00:00:00.000Z
S-103016,P-1039,West,17,2024-03-08T00:00:00.000Z
S-103017,P-1215,West,14,2024-12-22T00:00:00.000Z
S-103018,P-1038,Central,77,2024-06-27T00:00:00.000Z
S-103019,P-1053,East,15,2024-04-03T00:00:00.000Z
S-103020,P-1209,East,40,2024-08-11T00:00:00.000Z
S-103021,P-1135,West,47,2024-09-10T00:00:00.000Z
S-103022,P-1063,Central,67,2024-07-05T00:00:00.000Z
S-103023,P-1082,North,7,2024-01-21T00:00:00.000Z
S-103024,P-1205,Central,55,2024-03-08T00:00:00.000Z
S-103025,P-1027,Central,42,2024-09-17T00:00:00.000Z
S-103026,P-1072,North,74,2024-10-06T00:00:00.000Z
S-103027,P-1135,South,50,2024-11-05T00:00:00.000Z
S-103028,P-1200,East,50,2024-07-12T00:00:00.000Z
S-103029,P-1033,West,63,2024-10-16T00:00:00.000Z
S-103030,P-1185,West,73,2024-09-23T00:00:00.000Z
S-103031,P-1183,East,5,2024-12-28T00:00:00.000Z
S-103032,P-1117,South,10,2024-09-23T00:00:00.000Z
S-103033,P-1042,North,54,2024-06-30T00:00:00.000Z
S-103034,P-1220,West,3,2024-09-16T00:00:00.000Z
S-103035,P-1132,West,42,2024-08-04T00:00:00.000Z
S-103036,P-1032,West,20,2024-02-14T00:00:00.000Z
S-103037,P-1027,East,9,2024-02-22T00:00:00.000Z
S-103038,P-1214,East,4,2024-12-07T00:00:00.000Z
S-103039,P-1027,North,3,2024-11-28T00:00:00.000Z
S-103040,P-1176,South,22,2024-01-18T00:00:00.000Z
S-103041,P-1164,South,24,2024-09-27T00:00:00.000Z
S-103042,P-1179,Central,44,2024-06-01T00:00:00.000Z
S-103043,P-1099,West,35,2024-04-20T00:00:00.000Z
S-103044,P-1012,East,78,2024-08-21T00:00:00.000Z
S-103045,P-1222,East,12,2024-06-06T00:00:00.000Z
S-103046,P-1183,South,6,2024-09-06T00:00:00.000Z
S-103047,P-1044,Central,25,2024-10-12T00:00:00.000Z
S-103048,P-1218,West,55,2024-12-06T00:00:00.000Z
S-103049,P-1128,Central,24,2024-02-13T00:00:00.000Z
S-103050,P-1044,East,75,2024-02-02T00:00:00.000Z
S-103051,P-1003,Central,79,2024-02-04T00:00:00.000Z
S-103052,P-1124,South,50,2024-03-02T00:00:00.000Z
S-103053,P-1006,Central,38,2024-12-16T00:00:00.000Z
S-103054,P-1033,North,1,2024-09-28T00:00:00.000Z
S-103055,P-1024,North,42,2024-09-27T00:00:00.000Z
S-103056,P-1084,West,74,2024-12-11T00:00:00.000Z
S-103057,P-1060,North,9,2024-05-11T00:00:00.000Z
S-103058,P-1104,West,21,2024-10-27T00:00:00.000Z
S-103059,P-1069,East,69,2024-02-24T00:00:00.000Z
S-103060,P-1208,South,17,2024-01-15T00:00:00.000Z
S-103061,P-1105,South,29,2024-04-20T00:00:00.000Z
S-103062,P-1020,Central,27,2024-04-14T00:00:00.000Z
S-103063,P-1147,North,62,2024-11-15T00:00:00.000Z
S-103064,P-1088,North,53,2024-09-20T00:00:00.000Z
S-103065,P-1043,Central,43,2024-11-23T00:00:00.000Z
S-103066,P-1145,South,43,2024-03-06T00:00:00.000Z
S-103067,P-1230,Central,52,2024-08-31T00:00:00.000Z
S-103068,P-1094,Central,7,2024-02-21T00:00:00.000Z
S-103069,P-1225,Central,6,2024-08-07T00:00:00.000Z
S-103070,P-1089,North,14,2024-04-29T00:00:00.000Z
S-103071,P-1229,East,29,2024-01-23T00:00:00.000Z
S-103072,P-1212,East,35,2024-12-28T00:00:00.000Z
S-103073,P-1084,Central,75,2024-12-08T00:00:00.000Z
S-103074,P-1229,Central,66,2024-05-25T00:00:00.000Z
S-103075,P-1152,Central,40,2024-01-05T00:00:00.000Z
S-103076,P-1143,South,33,2024-05-09T00:00:00.000Z
S-103077,P-1168,North,69,2024-04-15T00:00:00.000Z
S-103078,P-1023,West,69,2024-01-22T00:00:00.000Z
S-103079,P-1064,West,51,2024-09-23T00:00:00.000Z
S-103080,P-1093,Central,13,2024-08-11T00:00:00.000Z
S-103081,P-1161,Central,1,2024-09-08T00:00:00.000Z
S-103082,P-1067,East,49,2024-05-04T00:00:00.000Z
S-103083,P-1211,North,42,2024-01-22T00:00:00.000Z
S-103084,P-1225,Central,49,2024-01-21T00:00:00.000Z
S-103085,P-1032,North,17,2024-09-24T00:00:00.000Z
S-103086,P-1015,North,74,2024-03-13T00:00:00.000Z
S-103087,P-1051,North,64,2024-11-01T00:00:00.000Z
S-103088,P-1026,South,64,2024-04-14T00:00:00.000Z
S-103089,P-1117,Central,80,2024-05-20T00:00:00.000Z
S-103090,P-1103,East,69,2024-11-03T00:00:00.000Z
S-103091,P-1166,South,9,2024-08-10T00:00:00.000Z
S-103092,P-1041,Central,66,2024-07-09T00:00:00.000Z
S-103093,P-1225,North,11,2024-10-15T00:00:00.000Z
S-103094,P-1077,South,47,2024-09-21T00:00:00.000Z
S-103095,P-1025,Central,29,2024-11-10T00:00:00.000Z
S-103096,P-1106,South,26,2024-12-07T00:00:00.000Z
S-103097,P-1212,North,1,2024-03-28T00:00:00.000Z
S-103098,P-1134,North,80,2024-12-27T00:00:00.000Z
S-103099,P-1070,Central,62,2024-09-15T00:00:00.000Z
S-103100,P-1221,North,4,2024-05-17T00:00:00.000Z
S-103101,P-1191,East,68,2024-09-28T00:00:00.000Z
S-103102,P-1046,North,75,2024-12-09T00:00:00.000Z
S-103103,P-1029,South,52,2024-09-25T00:00:00.000Z
S-103104,P-1157,North,15,2024-08-18T00:00:00.000Z
S-103105,P-1009,Central,23,2024-04-27T00:00:00.000Z
S-103106,P-1116,North,23,2024-06-06T00:00:00.000Z
S-103107,P-1184,Central,78,2024-02-28T00:00:00.000Z
S-103108,P-1018,North,24,2024-04-27T00:00:00.000Z
S-103109,P-1059,East,66,2024-02-26T00:00:00.000Z
S-103110,P-1072,Central,39,2024-01-07T00:00:00.000Z
S-103111,P-1153,North,8,2024-02-07T00:00:00.000Z
S-103112,P-1062,North,67,2024-07-10T00:00:00.000Z
S-103113,P-1055,South,2,2024-12-02T00:00:00.000Z
S-103114,P-1204,North,45,2024-12-12T00:00:00.000Z
S-103115,P-1105,West,51,2024-09-04T00:00:00.000Z
S-103116,P-1238,North,17,2024-09-13T00:00:00.000Z
S-103117,P-1049,South,52,2024-05-04T00:00:00.000Z
S-103118,P-1023,East,31,2024-07-15T00:00:00.000Z
S-103119,P-1114,South,31,2024-03-06T00:00:00.000Z
S-103120,P-1096,South,3,2024-09-15T00:00:00.000Z
S-103121,P-1237,Central,10,2024-04-16T00:00:00.000Z
S-103122,P-1053,South,17,2024-02-26T00:00:00.000Z
S-103123,P-1021,North,20,2024-11-03T00:00:00.000Z
S-103124,P-1161,Central,40,2024-10-29T00:00:00.000Z
S-103125,P-1102,North,37,2024-05-17T00:00:00.000Z
S-103126,P-1206,East,36,2024-10-08T00:00:00.000Z
S-103127,P-1066,East,65,2024-11-11T00:00:00.000Z
S-103128,P-1070,South,18,2024-12-11T00:00:00.000Z
S-103129,P-1051,Central,80,2024-12-22T00:00:00.000Z
S-103130,P-1012,South,36,2024-07-08T00:00:00.000Z
S-103131,P-1075,West,51,2024-05-06T00:00:00.000Z
S-103132,P-1171,East,9,2024-06-22T00:00:00.000Z
S-103133,P-1152,Central,44,2024-02-21T00:00:00.000Z
S-103134,P-1214,East,76,2024-04-25T00:00:00.000Z
S-103135,P-1048,East,27,2024-08-06T00:00:00.000Z
S-103136,P-1032,West,55,2024-09-28T00:00:00.000Z
S-103137,P-1225,West,9,2024-04-14T00:00:00.000Z
S-103138,P-1106,West,5,2024-10-21T00:00:00.000Z
S-103139,P-1121,East,31,2024-11-13T00:00:00.000Z
S-103140,P-1181,North,49,2024-02-04T00:00:00.000Z
S-103141,P-1089,West,22,2024-07-06T00:00:00.000Z
S-103142,P-1155,Central,57,2024-08-23T00:00:00.000Z
S-103143,P-1149,West,16,2024-03-30T00:00:00.000Z
S-103144,P-1236,North,58,2024-06-17T00:00:00.000Z
S-103145,P-1107,West,26,2024-01-11T00:00:00.000Z
S-103146,P-1135,Central,26,2024-07-23T00:00:00.000Z
S-103147,P-1020,West,69,2024-12-04T00:00:00.000Z
S-103148,P-1141,North,73,2024-01-05T00:00:00.000Z
S-103149,P-1064,East,1,2024-01-15T00:00:00.000Z
S-103150,P-1081,Central,31,2024-01-31T00:00:00.000Z
S-103151,P-1039,South,5,2024-12-27T00:00:00.000Z
S-103152,P-1223,North,1,2024-03-18T00:00:00.000Z
S-103153,P-1030,South,7,2024-02-01T00:00:00.000Z
S-103154,P-1148,East,35,2024-10-10T00:00:00.000Z
S-103155,P-1140,East,33,2024-02-13T00:00:00.000Z
S-103156,P-1186,South,47,2024-09-18T00:00:00.000Z
S-103157,P-1162,North,55,2024-07-06T00:00:00.000Z
S-103158,P-1187,North,14,2024-02-08T00:00:00.000Z
S-103159,P-1234,West,42,2024-03-06T00:00:00.000Z
S-103160,P-1213,East,25,2024-02-02T00:00:00.000Z
S-103161,P-1212,Central,77,2024-04-15T00:00:00.000Z
S-103162,P-1101,East,20,2024-01-21T00:00:00.000Z
S-103163,P-1064,South,56,2024-10-21T00:00:00.000Z
S-103164,P-1106,Central,62,2024-06-14T00:00:00.000Z
S-103165,P-1098,Central,76,2024-12-01T00:00:00.000Z
S-103166,P-1198,East,18,2024-06-03T00:00:00.000Z
S-103167,P-1149,North,75,2024-07-10T00:00:00.000Z
S-103168,P-1058,South,27,2024-01-23T00:00:00.000Z
S-103169,P-1048,Central,44,2024-09-14T00:00:00.000Z
S-103170,P-1049,East,33,2024-03-29T00:00:00.000Z
S-103171,P-1233,South,57,2024-08-25T00:00:00.000Z
S-103172,P-1098,Central,75,2024-03-29T00:00:00.000Z
S-103173,P-1106,West,71,2024-09-22T00:00:00.000Z
S-103174,P-1135,North,15,2024-11-19T00:00:00.000Z
S-103175,P-1148,West,74,2024-11-28T00:00:00.000Z
S-103176,P-1100,South,63,2024-04-29T00:00:00.000Z
S-103177,P-1157,East,1,2024-05-01T00:00:00.000Z
S-103178,P-1101,Central,36,2024-03-04T00:00:00.000Z
S-103179,P-1086,West,46,2024-04-07T00:00:00.000Z
S-103180,P-1138,West,12,2024-08-01T00:00:00.000Z
S-103181,P-1231,South,29,2024-07-08T00:00:00.000Z
S-103182,P-1051,Central,15,2024-02-25T00:00:00.000Z
S-103183,P-1181,East,55,2024-07-29T00:00:00.000Z
S-103184,P-1146,South,13,2024-12-04T00:00:00.000Z
S-103185,P-1014,West,28,2024-05-14T00:00:00.000Z
S-103186,P-1211,South,55,2024-05-11T00:00:00.000Z
S-103187,P-1114,West,63,2024-01-07T00:00:00.000Z
S-103188,P-1075,East,63,2024-01-31T00:00:00.000Z
S-103189,P-1112,East,16,2024-10-10T00:00:00.000Z
S-103190,P-1174,North,24,2024-09-18T00:00:00.000Z
S-103191,P-1236,North,21,2024-08-08T00:00:00.000Z
S-103192,P-1029,East,42,2024-10-17T00:00:00.000Z
S-103193,P-1005,West,34,2024-08-13T00:00:00.000Z
S-103194,P-1116,Central,57,2024-03-04T00:00:00.000Z
S-103195,P-1124,West,28,2024-09-26T00:00:00.000Z
S-103196,P-1215,East,33,2024-12-07T00:00:00.000Z
S-103197,P-1050,West,64,2024-08-06T00:00:00.000Z
S-103198,P-1198,East,18,2024-11-08T00:00:00.000Z
S-103199,P-1209,Central,44,2024-08-09T00:00:00.000Z
S-103200,P-1206,North,1,2024-05-11T00:00:00.000Z
S-103201,P-1194,Central,29,2024-12-12T00:00:00.000Z
S-103202,P-1134,West,27,2024-01-01T00:00:00.000Z
S-103203,P-1050,West,42,2024-01-10T00:00:00.000Z
S-103204,P-1102,Central,33,2024-11-04T00:00:00.000Z
S-103205,P-1028,South,33,2024-06-23T00:00:00.000Z
S-103206,P-1003,North,15,2024-07-26T00:00:00.000Z
S-103207,P-1135,Central,24,2024-12-13T00:00:00.000Z
S-103208,P-1134,East,46,2024-07-11T00:00:00.000Z
S-103209,P-1141,North,52,2024-10-03T00:00:00.000Z
S-103210,P-1078,Central,78,2024-02-29T00:00:00.000Z
S-103211,P-1014,West,23,2024-05-25T00:00:00.000Z
S-103212,P-1003,Central,66,2024-12-14T00:00:00.000Z
S-103213,P-1028,East,13,2024-01-22T00:00:00.000Z
S-103214,P-1237,South,67,2024-05-08T00:00:00.000Z
S-103215,P-1050,North,62,2024-03-06T00:00:00.000Z
S-103216,P-1162,East,47,2024-09-16T00:00:00.000Z
S-103217,P-1131,East,61,2024-03-26T00:00:00.000Z
S-103218,P-1180,Central,67,2024-04-21T00:00:00.000Z
S-103219,P-1005,East,33,2024-03-17T00:00:00.000Z
S-103220,P-1096,West,34,2024-09-28T00:00:00.000Z
S-103221,P-1085,West,13,2024-12-03T00:00:00.000Z
S-103222,P-1096,North,38,2024-02-10T00:00:00.000Z
S-103223,P-1131,North,22,2024-10-28T00:00:00.000Z
S-103224,P-1099,East,42,2024-03-13T00:00:00.000Z
S-103225,P-1057,North,49,2024-09-18T00:00:00.000Z
S-103226,P-1048,East,80,2024-08-15T00:00:00.000Z
S-103227,P-1193,West,69,2024-03-15T00:00:00.000Z
S-103228,P-1219,West,72,2024-09-11T00:00:00.000Z
S-103229,P-1218,South,67,2024-08-10T00:00:00.000Z
S-103230,P-1103,West,32,2024-06-23T00:00:00.000Z
S-103231,P-1205,North,38,2024-02-12T00:00:00.000Z
S-103232,P-1222,North,64,2024-11-03T00:00:00.000Z
S-103233,P-1021,Central,8,2024-07-11T00:00:00.000Z
S-103234,P-1191,West,10,2024-06-28T00:00:00.000Z
S-103235,P-1059,East,5,2024-09-10T00:00:00.000Z
S-103236,P-1167,North,54,2024-08-04T00:00:00.000Z
S-103237,P-1232,East,28,2024-09-25T00:00:00.000Z
S-103238,P-1079,South,48,2024-07-04T00:00:00.000Z
S-103239,P-1138,North,35,2024-12-01T00:00:00.000Z
S-103240,P-1114,North,20,2024-05-01T00:00:00.000Z
S-103241,P-1129,West,61,2024-09-01T00:00:00.000Z
S-103242,P-1231,South,58,2024-03-19T00:00:00.000Z
S-103243,P-1074,West,5,2024-12-20T00:00:00.000Z
S-103244,P-1167,Central,39,2024-12-28T00:00:00.000Z
S-103245,P-1141,South,58,2024-01-22T00:00:00.000Z
S-103246,P-1132,Central,15,2024-05-02T00:00:00.000Z
S-103247,P-1212,Central,18,2024-06-07T00:00:00.000Z
S-103248,P-1002,Central,18,2024-07-28T00:00:00.000Z
S-103249,P-1160,North,66,2024-04-13T00:00:00.000Z
S-103250,P-1086,South,31,2024-09-23T00:00:00.000Z
S-103251,P-1065,Central,74,2024-04-15T00:00:00.000Z
S-103252,P-1068,North,24,2024-03-29T00:00:00.000Z
S-103253,P-1136,South,49,2024-11-07T00:00:00.000Z
S-103254,P-1011,Central,58,2024-01-24T00:00:00.000Z
S-103255,P-1209,North,58,2024-08-11T00:00:00.000Z
S-103256,P-1073,South,29,2024-02-07T00:00:00.000Z
S-103257,P-1008,East,20,2024-11-04T00:00:00.000Z
S-103258,P-1015,South,10,2024-04-20T00:00:00.000Z
S-103259,P-1225,South,49,2024-08-02T00:00:00.000Z
S-103260,P-1128,North,46,2024-11-13T00:00:00.000Z
S-103261,P-1186,Central,36,2024-09-09T00:00:00.000Z
S-103262,P-1127,Central,65,2024-07-11T00:00:00.000Z
S-103263,P-1228,East,3,2024-11-22T00:00:00.000Z
S-103264,P-1075,North,49,2024-01-04T00:00:00.000Z
S-103265,P-1141,North,18,2024-11-02T00:00:00.000Z
S-103266,P-1082,North,11,2024-12-11T00:00:00.000Z
S-103267,P-1161,South,67,2024-08-21T00:00:00.000Z
S-103268,P-1130,East,59,2024-11-11T00:00:00.000Z
S-103269,P-1043,South,80,2024-04-02T00:00:00.000Z
S-103270,P-1127,North,24,2024-01-22T00:00:00.000Z
S-103271,P-1094,West,48,2024-04-27T00:00:00.000Z
S-103272,P-1142,North,56,2024-11-19T00:00:00.000Z
S-103273,P-1138,Central,72,2024-11-02T00:00:00.000Z
S-103274,P-1158,South,44,2024-12-24T00:00:00.000Z
S-103275,P-1202,North,38,2024-02-03T00:00:00.000Z
S-103276,P-1209,West,9,2024-12-08T00:00:00.000Z
S-103277,P-1080,East,53,2024-11-10T00:00:00.000Z
S-103278,P-1075,South,11,2024-11-13T00:00:00.000Z
S-103279,P-1174,West,73,2024-01-31T00:00:00.000Z
S-103280,P-1135,East,3,2024-02-15T00:00:00.000Z
S-103281,P-1156,South,25,2024-12-06T00:00:00.000Z
S-103282,P-1128,North,55,2024-09-22T00:00:00.000Z
S-103283,P-1114,West,6,2024-07-23T00:00:00.000Z
S-103284,P-1133,South,6,2024-02-26T00:00:00.000Z
S-103285,P-1013,North,51,2024-06-21T00:00:00.000Z
S-103286,P-1190,East,24,2024-06-16T00:00:00.000Z
S-103287,P-1156,East,4,2024-06-30T00:00:00.000Z
S-103288,P-1077,North,11,2024-07-11T00:00:00.000Z
S-103289,P-1227,West,69,2024-08-04T00:00:00.000Z
S-103290,P-1215,Central,10,2024-10-16T00:00:00.000Z
S-103291,P-1171,West,64,2024-10-08T00:00:00.000Z
S-103292,P-1041,Central,9,2024-04-04T00:00:00.000Z
S-103293,P-1226,Central,42,2024-06-10T00:00:00.000Z
S-103294,P-1206,West,26,2024-09-13T00:00:00.000Z
S-103295,P-1094,South,54,2024-12-08T00:00:00.000Z
S-103296,P-1021,East,32,2024-08-22T00:00:00.000Z
S-103297,P-1042,North,36,2024-07-08T00:00:00.000Z
S-103298,P-1210,East,65,2024-10-29T00:00:00.000Z
S-103299,P-1005,East,4,2024-10-01T00:00:00.000Z
S-103300,P-1075,East,23,2024-05-26T00:00:00.000Z
S-103301,P-1090,South,28,2024-03-06T00:00:00.000Z
S-103302,P-1198,South,43,2024-02-21T00:00:00.000Z
S-103303,P-1144,North,14,2024-07-16T00:00:00.000Z
S-103304,P-1069,South,33,2024-05-05T00:00:00.000Z
S-103305,P-1060,Central,60,2024-10-29T00:00:00.000Z
S-103306,P-1131,East,35,2024-12-12T00:00:00.000Z
S-103307,P-1107,West,62,2024-09-05T00:00:00.000Z
S-103308,P-1119,North,45,2024-02-17T00:00:00.000Z
S-103309,P-1024,South,71,2024-09-23T00:00:00.000Z
S-103310,P-1067,East,60,2024-01-12T00:00:00.000Z
S-103311,P-1069,North,79,2024-03-06T00:00:00.000Z
S-103312,P-1191,Central,74,2024-06-25T00:00:00.000Z
S-103313,P-1146,East,52,2024-11-03T00:00:00.000Z
S-103314,P-1098,South,68,2024-08-25T00:00:00.000Z
S-103315,P-1140,Central,28,2024-10-30T00:00:00.000Z
S-103316,P-1142,East,39,2024-11-24T00:00:00.000Z
S-103317,P-1138,East,2,2024-05-21T00:00:00.000Z
S-103318,P-1211,South,77,2024-08-06T00:00:00.000Z
S-103319,P-1091,South,56,2024-03-18T00:00:00.000Z
S-103320,P-1050,East,75,2024-05-22T00:00:00.000Z
S-103321,P-1239,West,41,2024-04-05T00:00:00.000Z
S-103322,P-1116,Central,61,2024-11-24T00:00:00.000Z
S-103323,P-1090,South,65,2024-07-26T00:00:00.000Z
S-103324,P-1192,Central,28,2024-03-20T00:00:00.000Z
S-103325,P-1139,West,21,2024-10-21T00:00:00.000Z
S-103326,P-1042,South,63,2024-08-29T00:00:00.000Z
S-103327,P-1097,Central,77,2024-09-17T00:00:00.000Z
S-103328,P-1218,West,3,2024-08-21T00:00:00.000Z
S-103329,P-1091,North,56,2024-05-24T00:00:00.000Z
S-103330,P-1154,Central,13,2024-04-28T00:00:00.000Z
S-103331,P-1109,North,56,2024-03-27T00:00:00.000Z
S-103332,P-1084,North,72,2024-10-04T00:00:00.000Z
S-103333,P-1123,West,68,2024-02-24T00:00:00.000Z
S-103334,P-1134,West,11,2024-11-14T00:00:00.000Z
S-103335,P-1155,South,52,2024-11-23T00:00:00.000Z
S-103336,P-1150,West,58,2024-05-15T00:00:00.000Z
S-103337,P-1213,East,79,2024-09-12T00:00:00.000Z
S-103338,P-1177,Central,31,2024-12-15T00:00:00.000Z
S-103339,P-1200,Central,48,2024-03-17T00:00:00.000Z
S-103340,P-1147,Central,36,2024-07-24T00:00:00.000Z
S-103341,P-1160,North,72,2024-12-20T00:00:00.000Z
S-103342,P-1046,West,12,2024-08-21T00:00:00.000Z
S-103343,P-1110,Central,24,2024-03-23T00:00:00.000Z
S-103344,P-1064,East,34,2024-11-20T00:00:00.000Z
S-103345,P-1153,Central,58,2024-12-24T00:00:00.000Z
S-103346,P-1174,West,37,2024-11-12T00:00:00.000Z
S-103347,P-1207,East,35,2024-04-04T00:00:00.000Z
S-103348,P-1042,North,37,2024-12-20T00:00:00.000Z
S-103349,P-1217,Central,13,2024-10-14T00:00:00.000Z
S-103350,P-1038,East,52,2024-06-13T00:00:00.000Z
S-103351,P-1234,North,53,2024-10-08T00:00:00.000Z
S-103352,P-1055,East,24,2024-11-04T00:00:00.000Z
S-103353,P-1175,East,72,2024-11-18T00:00:00.000Z
S-103354,P-1195,South,8,2024-12-12T00:00:00.000Z
S-103355,P-1135,South,9,2024-06-25T00:00:00.000Z
S-103356,P-1040,East,80,2024-12-09T00:00:00.000Z
S-103357,P-1112,South,52,2024-05-31T00:00:00.000Z
S-103358,P-1052,North,38,2024-12-26T00:00:00.000Z
S-103359,P-1046,East,70,2024-07-14T00:00:00.000Z
S-103360,P-1197,Central,48,2024-03-15T00:00:00.000Z
S-103361,P-1238,East,27,2024-05-06T00:00:00.000Z
S-103362,P-1124,East,5,2024-03-10T00:00:00.000Z
S-103363,P-1111,South,29,2024-05-16T00:00:00.000Z
S-103364,P-1133,South,2,2024-08-18T00:00:00.000Z
S-103365,P-1067,West,50,2024-04-02T00:00:00.000Z
S-103366,P-1014,Central,77,2024-11-30T00:00:00.000Z
S-103367,P-1127,South,27,2024-09-18T00:00:00.000Z
S-103368,P-1171,West,64,2024-03-21T00:00:00.000Z
S-103369,P-1120,East,72,2024-04-05T00:00:00.000Z
S-103370,P-1169,East,4,2024-10-23T00:00:00.000Z
S-103371,P-1194,North,56,2024-04-14T00:00:00.000Z
S-103372,P-1084,West,41,2024-06-03T00:00:00.000Z
S-103373,P-1165,Central,72,2024-03-26T00:00:00.000Z
S-103374,P-1235,West,24,2024-10-19T00:00:00.000Z
S-103375,P-1214,North,35,2024-01-27T00:00:00.000Z
S-103376,P-1203,North,45,2024-02-15T00:00:00.000Z
S-103377,P-1133,South,3,2024-04-03T00:00:00.000Z
S-103378,P-1148,East,44,2024-12-12T00:00:00.000Z
S-103379,P-1155,West,14,2024-03-08T00:00:00.000Z
S-103380,P-1100,West,4,2024-09-27T00:00:00.000Z
S-103381,P-1194,West,9,2024-09-07T00:00:00.000Z
S-103382,P-1117,North,62,2024-10-27T00:00:00.000Z
S-103383,P-1148,North,17,2024-08-27T00:00:00.000Z
S-103384,P-1127,South,8,2024-04-07T00:00:00.000Z
S-103385,P-1057,East,2,2024-12-09T00:00:00.000Z
S-103386,P-1199,Central,24,2024-11-18T00:00:00.000Z
S-103387,P-1149,West,72,2024-03-31T00:00:00.000Z
S-103388,P-1147,North,9,2024-07-14T00:00:00.000Z
S-103389,P-1060,East,25,2024-11-18T00:00:00.000Z
S-103390,P-1045,West,72,2024-08-28T00:00:00.000Z
S-103391,P-1050,West,25,2024-09-07T00:00:00.000Z
S-103392,P-1053,East,40,2024-12-23T00:00:00.000Z
S-103393,P-1118,South,33,2024-11-05T00:00:00.000Z
S-103394,P-1206,South,63,2024-09-19T00:00:00.000Z
S-103395,P-1153,East,43,2024-11-11T00:00:00.000Z
S-103396,P-1094,Central,9,2024-08-05T00:00:00.000Z
S-103397,P-1023,South,56,2024-09-16T00:00:00.000Z
S-103398,P-1038,North,50,2024-05-02T00:00:00.000Z
S-103399,P-1182,North,59,2024-04-11T00:00:00.000Z
S-103400,P-1157,North,9,2024-12-26T00:00:00.000Z
S-103401,P-1150,Central,22,2024-07-31T00:00:00.000Z
S-103402,P-1148,South,64,2024-03-21T00:00:00.000Z
S-103403,P-1047,South,65,2024-07-10T00:00:00.000Z
S-103404,P-1116,North,55,2024-09-22T00:00:00.000Z
S-103405,P-1226,South,65,2024-05-30T00:00:00.000Z
S-103406,P-1015,West,1,2024-10-15T00:00:00.000Z
S-103407,P-1229,South,57,2024-05-08T00:00:00.000Z
S-103408,P-1136,West,37,2024-03-26T00:00:00.000Z
S-103409,P-1233,South,12,2024-08-29T00:00:00.000Z
S-103410,P-1042,North,12,2024-05-17T00:00:00.000Z
S-103411,P-1182,West,16,2024-09-11T00:00:00.000Z
S-103412,P-1017,West,37,2024-02-07T00:00:00.000Z
S-103413,P-1024,West,16,2024-04-22T00:00:00.000Z
S-103414,P-1207,Central,12,2024-11-08T00:00:00.000Z
S-103415,P-1118,Central,77,2024-09-22T00:00:00.000Z
S-103416,P-1163,North,34,2024-10-08T00:00:00.000Z
S-103417,P-1234,West,40,2024-04-12T00:00:00.000Z
S-103418,P-1129,North,52,2024-08-08T00:00:00.000Z
S-103419,P-1044,Central,53,2024-09-24T00:00:00.000Z
S-103420,P-1067,East,12,2024-06-18T00:00:00.000Z
S-103421,P-1070,South,22,2024-07-06T00:00:00.000Z
S-103422,P-1202,West,58,2024-01-24T00:00:00.000Z
S-103423,P-1238,North,15,2024-07-27T00:00:00.000Z
S-103424,P-1150,East,29,2024-10-08T00:00:00.000Z
S-103425,P-1165,North,79,2024-07-12T00:00:00.000Z
S-103426,P-1203,West,45,2024-06-24T00:00:00.000Z
S-103427,P-1013,Central,69,2024-10-01T00:00:00.000Z
S-103428,P-1003,Central,19,2024-08-28T00:00:00.000Z
S-103429,P-1078,East,40,2024-04-04T00:00:00.000Z
S-103430,P-1061,North,15,2024-11-10T00:00:00.000Z
S-103431,P-1194,East,9,2024-01-10T00:00:00.000Z
S-103432,P-1016,North,31,2024-12-10T00:00:00.000Z
S-103433,P-1109,North,11,2024-02-27T00:00:00.000Z
S-103434,P-1218,South,16,2024-03-31T00:00:00.000Z
S-103435,P-1147,Central,43,2024-06-19T00:00:00.000Z
S-103436,P-1192,East,30,2024-12-07T00:00:00.000Z
S-103437,P-1157,East,67,2024-05-28T00:00:00.000Z
S-103438,P-1097,Central,3,2024-02-26T00:00:00.000Z
S-103439,P-1138,East,12,2024-02-18T00:00:00.000Z
S-103440,P-1223,East,63,2024-03-22T00:00:00.000Z
S-103441,P-1208,Central,30,2024-09-29T00:00:00.000Z
S-103442,P-1015,North,49,2024-02-29T00:00:00.000Z
S-103443,P-1123,North,69,2024-01-07T00:00:00.000Z
S-103444,P-1047,West,28,2024-05-10T00:00:00.000Z
S-103445,P-1113,East,18,2024-12-20T00:00:00.000Z
S-103446,P-1225,East,21,2024-11-12T00:00:00.000Z
S-103447,P-1007,West,80,2024-12-01T00:00:00.000Z
S-103448,P-1175,Central,37,2024-10-26T00:00:00.000Z
S-103449,P-1166,West,26,2024-12-27T00:00:00.000Z
S-103450,P-1144,Central,55,2024-10-07T00:00:00.000Z
S-103451,P-1131,North,52,2024-02-23T00:00:00.000Z
S-103452,P-1141,North,28,2024-01-11T00:00:00.000Z
S-103453,P-1017,North,4,2024-06-19T00:00:00.000Z
S-103454,P-1167,West,72,2024-04-18T00:00:00.000Z
S-103455,P-1068,East,22,2024-06-08T00:00:00.000Z
S-103456,P-1063,East,12,2024-10-25T00:00:00.000Z
S-103457,P-1012,East,28,2024-04-24T00:00:00.000Z
S-103458,P-1126,East,54,2024-03-02T00:00:00.000Z
S-103459,P-1026,North,55,2024-03-30T00:00:00.000Z
S-103460,P-1088,Central,40,2024-12-06T00:00:00.000Z
S-103461,P-1110,Central,35,2024-10-25T00:00:00.000Z
S-103462,P-1167,Central,14,2024-09-16T00:00:00.000Z
S-103463,P-1052,East,64,2024-06-27T00:00:00.000Z
S-103464,P-1093,Central,20,2024-05-07T00:00:00.000Z
S-103465,P-1064,Central,69,2024-01-02T00:00:00.000Z
S-103466,P-1232,Central,44,2024-01-19T00:00:00.000Z
S-103467,P-1184,Central,64,2024-06-28T00:00:00.000Z
S-103468,P-1207,West,44,2024-12-06T00:00:00.000Z
S-103469,P-1199,South,3,2024-11-16T00:00:00.000Z
S-103470,P-1055,North,45,2024-03-01T00:00:00.000Z
S-103471,P-1043,West,66,2024-07-08T00:00:00.000Z
S-103472,P-1201,North,45,2024-08-12T00:00:00.000Z
S-103473,P-1204,West,11,2024-03-18T00:00:00.000Z
S-103474,P-1156,Central,68,2024-06-22T00:00:00.000Z
S-103475,P-1122,Central,76,2024-02-28T00:00:00.000Z
S-103476,P-1048,South,36,2024-06-27T00:00:00.000Z
S-103477,P-1065,West,77,2024-10-28T00:00:00.000Z
S-103478,P-1122,East,44,2024-12-06T00:00:00.000Z
S-103479,P-1031,Central,69,2024-12-24T00:00:00.000Z
S-103480,P-1181,North,54,2024-06-14T00:00:00.000Z
S-103481,P-1099,Central,67,2024-06-26T00:00:00.000Z
S-103482,P-1022,South,32,2024-12-17T00:00:00.000Z
S-103483,P-1168,East,32,2024-05-06T00:00:00.000Z
S-103484,P-1058,West,80,2024-09-11T00:00:00.000Z
S-103485,P-1132,East,46,2024-02-24T00:00:00.000Z
S-103486,P-1105,West,31,2024-01-19T00:00:00.000Z
S-103487,P-1015,South,9,2024-05-03T00:00:00.000Z
S-103488,P-1026,South,1,2024-10-02T00:00:00.000Z
S-103489,P-1140,West,70,2024-03-10T00:00:00.000Z
S-103490,P-1113,Central,11,2024-04-19T00:00:00.000Z
S-103491,P-1108,West,4,2024-03-20T00:00:00.000Z
S-103492,P-1062,East,26,2024-03-30T00:00:00.000Z
S-103493,P-1058,Central,35,2024-06-03T00:00:00.000Z
S-103494,P-1010,South,35,2024-04-08T00:00:00.000Z
S-103495,P-1003,North,39,2024-04-29T00:00:00.000Z
S-103496,P-1125,North,12,2024-11-12T00:00:00.000Z
S-103497,P-1013,Central,41,2024-05-11T00:00:00.000Z
S-103498,P-1086,Central,32,2024-08-23T00:00:00.000Z
S-103499,P-1137,North,45,2024-10-10T00:00:00.000Z
S-103500,P-1177,West,57,2024-03-31T00:00:00.000Z
S-103501,P-1020,South,75,2024-01-02T00:00:00.000Z
S-103502,P-1117,North,11,2024-08-08T00:00:00.000Z
S-103503,P-1073,Central,76,2024-09-25T00:00:00.000Z
S-103504,P-1015,North,18,2024-11-23T00:00:00.000Z
S-103505,P-1236,Central,7,2024-03-06T00:00:00.000Z
S-103506,P-1036,South,72,2024-06-29T00:00:00.000Z
S-103507,P-1204,West,66,2024-09-21T00:00:00.000Z
S-103508,P-1080,North,6,2024-09-08T00:00:00.000Z
S-103509,P-1038,South,57,2024-01-20T00:00:00.000Z
S-103510,P-1166,East,7,2024-12-28T00:00:00.000Z
S-103511,P-1238,North,29,2024-12-08T00:00:00.000Z
S-103512,P-1091,East,13,2024-03-10T00:00:00.000Z
S-103513,P-1042,West,28,2024-04-21T00:00:00.000Z
S-103514,P-1233,West,29,2024-05-19T00:00:00.000Z
S-103515,P-1219,West,18,2024-01-30T00:00:00.000Z
S-103516,P-1161,South,73,2024-05-24T00:00:00.000Z
S-103517,P-1025,South,4,2024-09-09T00:00:00.000Z
S-103518,P-1201,Central,3,2024-09-21T00:00:00.000Z
S-103519,P-1147,West,11,2024-05-30T00:00:00.000Z
S-103520,P-1153,South,50,2024-08-08T00:00:00.000Z
S-103521,P-1009,South,36,2024-08-27T00:00:00.000Z
S-103522,P-1117,Central,8,2024-12-24T00:00:00.000Z
S-103523,P-1197,South,76,2024-06-03T00:00:00.000Z
S-103524,P-1238,West,68,2024-11-09T00:00:00.000Z
S-103525,P-1178,North,46,2024-07-03T00:00:00.000Z
S-103526,P-1169,South,44,2024-04-15T00:00:00.000Z
S-103527,P-1068,North,56,2024-05-09T00:00:00.000Z
S-103528,P-1154,East,26,2024-02-25T00:00:00.000Z
S-103529,P-1239,East,22,2024-11-15T00:00:00.000Z
S-103530,P-1104,South,38,2024-04-09T00:00:00.000Z
S-103531,P-1081,North,47,2024-02-29T00:00:00.000Z
S-103532,P-1008,North,4,2024-09-07T00:00:00.000Z
S-103533,P-1090,South,11,2024-10-04T00:00:00.000Z
S-103534,P-1074,Central,59,2024-08-17T00:00:00.000Z
S-103535,P-1098,South,48,2024-06-08T00:00:00.000Z
S-103536,P-1131,West,12,2024-08-13T00:00:00.000Z
S-103537,P-1009,Central,40,2024-01-28T00:00:00.000Z
S-103538,P-1114,East,41,2024-02-14T00:00:00.000Z
S-103539,P-1120,South,49,2024-01-29T00:00:00.000Z
S-103540,P-1192,South,1,2024-01-12T00:00:00.000Z
S-103541,P-1112,South,39,2024-02-21T00:00:00.000Z
S-103542,P-1087,Central,48,2024-08-28T00:00:00.000Z
S-103543,P-1224,South,4,2024-03-12T00:00:00.000Z
S-103544,P-1201,North,25,2024-02-22T00:00:00.000Z
S-103545,P-1071,North,74,2024-07-06T00:00:00.000Z
S-103546,P-1234,Central,76,2024-08-03T00:00:00.000Z
S-103547,P-1067,North,14,2024-04-26T00:00:00.000Z
S-103548,P-1186,East,68,2024-11-26T00:00:00.000Z
S-103549,P-1034,North,50,2024-05-19T00:00:00.000Z
S-103550,P-1234,South,73,2024-10-06T00:00:00.000Z
S-103551,P-1227,North,68,2024-04-15T00:00:00.000Z
S-103552,P-1220,South,22,2024-01-11T00:00:00.000Z
S-103553,P-1107,South,53,2024-09-08T00:00:00.000Z
S-103554,P-1156,East,44,2024-01-17T00:00:00.000Z
S-103555,P-1187,West,75,2024-05-30T00:00:00.000Z
S-103556,P-1000,West,38,2024-09-18T00:00:00.000Z
S-103557,P-1231,West,77,2024-02-10T00:00:00.000Z
S-103558,P-1046,Central,34,2024-11-13T00:00:00.000Z
S-103559,P-1029,North,28,2024-05-01T00:00:00.000Z
S-103560,P-1200,East,41,2024-02-26T00:00:00.000Z
S-103561,P-1213,South,49,2024-09-28T00:00:00.000Z
S-103562,P-1216,West,15,2024-03-03T00:00:00.000Z
S-103563,P-1079,West,23,2024-09-23T00:00:00.000Z
S-103564,P-1115,North,64,2024-01-24T00:00:00.000Z
S-103565,P-1044,East,22,2024-12-29T00:00:00.000Z
S-103566,P-1065,North,35,2024-03-17T00:00:00.000Z
S-103567,P-1153,South,55,2024-12-21T00:00:00.000Z
S-103568,P-1014,North,32,2024-08-09T00:00:00.000Z
S-103569,P-1004,West,42,2024-02-08T00:00:00.000Z
S-103570,P-1099,East,24,2024-03-28T00:00:00.000Z
S-103571,P-1150,Central,35,2024-05-17T00:00:00.000Z
S-103572,P-1057,East,13,2024-01-31T00:00:00.000Z
S-103573,P-1124,East,43,2024-03-27T00:00:00.000Z
S-103574,P-1013,South,26,2024-01-20T00:00:00.000Z
S-103575,P-1198,South,70,2024-05-10T00:00:00.000Z
S-103576,P-1236,Central,35,2024-10-17T00:00:00.000Z
S-103577,P-1040,North,69,2024-03-01T00:00:00.000Z
S-103578,P-1049,Central,75,2024-06-01T00:00:00.000Z
S-103579,P-1013,South,33,2024-07-23T00:00:00.000Z
S-103580,P-1003,North,74,2024-04-14T00:00:00.000Z
S-103581,P-1021,West,17,2024-02-02T00:00:00.000Z
S-103582,P-1193,North,66,2024-06-01T00:00:00.000Z
S-103583,P-1112,Central,22,2024-11-12T00:00:00.000Z
S-103584,P-1057,Central,7,2024-02-24T00:00:00.000Z
S-103585,P-1037,North,23,2024-10-19T00:00:00.000Z
S-103586,P-1142,East,27,2024-11-16T00:00:00.000Z
S-103587,P-1206,East,69,2024-05-27T00:00:00.000Z
S-103588,P-1006,Central,12,2024-06-18T00:00:00.000Z
S-103589,P-1198,North,5,2024-12-30T00:00:00.000Z
S-103590,P-1219,East,11,2024-11-26T00:00:00.000Z
S-103591,P-1104,North,73,2024-05-14T00:00:00.000Z
S-103592,P-1097,Central,39,2024-09-18T00:00:00.000Z
S-103593,P-1154,North,43,2024-06-30T00:00:00.000Z
S-103594,P-1075,West,21,2024-11-28T00:00:00.000Z
S-103595,P-1179,West,36,2024-01-05T00:00:00.000Z
S-103596,P-1091,East,48,2024-07-20T00:00:00.000Z
S-103597,P-1037,South,70,2024-04-04T00:00:00.000Z
S-103598,P-1073,East,39,2024-10-10T00:00:00.000Z
S-103599,P-1122,West,46,2024-09-29T00:00:00.000Z
S-103600,P-1216,Central,29,2024-04-23T00:00:00.000Z
S-103601,P-1201,North,14,2024-09-03T00:00:00.000Z
S-103602,P-1161,North,2,2024-06-11T00:00:00.000Z
S-103603,P-1228,Central,41,2024-06-07T00:00:00.000Z
S-103604,P-1208,East,10,2024-10-16T00:00:00.000Z
S-103605,P-1205,East,15,2024-01-14T00:00:00.000Z
S-103606,P-1102,South,25,2024-10-16T00:00:00.000Z
S-103607,P-1082,South,53,2024-09-30T00:00:00.000Z
S-103608,P-1092,West,44,2024-06-23T00:00:00.000Z
S-103609,P-1061,West,3,2024-11-09T00:00:00.000Z
S-103610,P-1004,Central,30,2024-02-21T00:00:00.000Z
S-103611,P-1220,East,6,2024-02-13T00:00:00.000Z
S-103612,P-1099,West,46,2024-01-23T00:00:00.000Z
S-103613,P-1216,North,61,2024-04-16T00:00:00.000Z
S-103614,P-1195,West,54,2024-11-04T00:00:00.000Z
S-103615,P-1139,Central,45,2024-06-08T00:00:00.000Z
S-103616,P-1027,West,72,2024-12-06T00:00:00.000Z
S-103617,P-1007,West,35,2024-10-09T00:00:00.000Z
S-103618,P-1008,South,69,2024-06-16T00:00:00.000Z
S-103619,P-1006,North,76,2024-04-23T00:00:00.000Z
S-103620,P-1205,South,76,2024-01-28T00:00:00.000Z
S-103621,P-1131,Central,12,2024-01-17T00:00:00.000Z
S-103622,P-1069,North,39,2024-07-21T00:00:00.000Z
S-103623,P-1223,East,11,2024-03-20T00:00:00.000Z
S-103624,P-1081,West,36,2024-09-30T00:00:00.000Z
S-103625,P-1156,East,77,2024-11-12T00:00:00.000Z
S-103626,P-1159,South,26,2024-01-28T00:00:00.000Z
S-103627,P-1023,North,55,2024-11-01T00:00:00.000Z
S-103628,P-1102,Central,16,2024-10-28T00:00:00.000Z
S-103629,P-1214,South,4,2024-09-23T00:00:00.000Z
S-103630,P-1085,South,13,2024-12-10T00:00:00.000Z
S-103631,P-1114,West,62,2024-03-27T00:00:00.000Z
S-103632,P-1056,North,16,2024-03-07T00:00:00.000Z
S-103633,P-1019,West,42,2024-12-17T00:00:00.000Z
S-103634,P-1116,West,13,2024-04-22T00:00:00.000Z
S-103635,P-1117,South,28,2024-05-16T00:00:00.000Z
S-103636,P-1186,Central,23,2024-11-16T00:00:00.000Z
S-103637,P-1036,North,55,2024-05-09T00:00:00.000Z
S-103638,P-1173,West,61,2024-04-20T00:00:00.000Z
S-103639,P-1125,South,76,2024-08-22T00:00:00.000Z
S-103640,P-1024,Central,16,2024-07-30T00:00:00.000Z
S-103641,P-1089,North,16,2024-01-20T00:00:00.000Z
S-103642,P-1237,South,79,2024-04-21T00:00:00.000Z
S-103643,P-1168,South,24,2024-11-25T00:00:00.000Z
S-103644,P-1188,Central,45,2024-09-03T00:00:00.000Z
S-103645,P-1191,East,42,2024-09-06T00:00:00.000Z
S-103646,P-1115,North,34,2024-09-20T00:00:00.000Z
S-103647,P-1213,West,24,2024-10-10T00:00:00.000Z
S-103648,P-1222,Central,25,2024-09-03T00:00:00.000Z
S-103649,P-1051,North,79,2024-01-09T00:00:00.000Z
S-103650,P-1178,Central,79,2024-12-30T00:00:00.000Z
S-103651,P-1116,North,63,2024-11-15T00:00:00.000Z
S-103652,P-1016,West,75,2024-03-29T00:00:00.000Z
S-103653,P-1083,West,60,2024-03-24T00:00:00.000Z
S-103654,P-1160,South,31,2024-11-11T00:00:00.000Z
S-103655,P-1090,South,58,2024-06-06T00:00:00.000Z
S-103656,P-1061,South,57,2024-07-28T00:00:00.000Z
S-103657,P-1075,South,70,2024-08-09T00:00:00.000Z
S-103658,P-1239,Central,69,2024-08-16T00:00:00.000Z
S-103659,P-1065,North,5,2024-04-04T00:00:00.000Z
S-103660,P-1136,West,76,2024-06-18T00:00:00.000Z
S-103661,P-1103,South,31,2024-02-29T00:00:00.000Z
S-103662,P-1139,North,63,2024-12-10T00:00:00.000Z
S-103663,P-1234,North,80,2024-01-26T00:00:00.000Z
S-103664,P-1178,East,63,2024-05-09T00:00:00.000Z
S-103665,P-1154,South,23,2024-11-29T00:00:00.000Z
S-103666,P-1021,East,64,2024-06-09T00:00:00.000Z
S-103667,P-1234,South,12,2024-09-03T00:00:00.000Z
S-103668,P-1215,Central,27,2024-10-11T00:00:00.000Z
S-103669,P-1021,Central,45,2024-08-18T00:00:00.000Z
S-103670,P-1042,East,9,2024-04-28T00:00:00.000Z
S-103671,P-1166,Central,9,2024-02-04T00:00:00.000Z
S-103672,P-1171,East,65,2024-02-22T00:00:00.000Z
S-103673,P-1106,West,38,2024-01-10T00:00:00.000Z
S-103674,P-1181,North,61,2024-08-27T00:00:00.000Z
S-103675,P-1028,South,47,2024-03-31T00:00:00.000Z
S-103676,P-1163,South,40,2024-03-26T00:00:00.000Z
S-103677,P-1208,Central,12,2024-10-03T00:00:00.000Z
S-103678,P-1067,Central,68,2024-02-23T00:00:00.000Z
S-103679,P-1073,North,61,2024-08-28T00:00:00.000Z
S-103680,P-1091,North,9,2024-08-31T00:00:00.000Z
S-103681,P-1091,North,2,2024-06-29T00:00:00.000Z
S-103682,P-1153,East,4,2024-12-06T00:00:00.000Z
S-103683,P-1223,West,71,2024-12-18T00:00:00.000Z
S-103684,P-1037,Central,26,2024-08-06T00:00:00.000Z
S-103685,P-1092,South,23,2024-10-20T00:00:00.000Z
S-103686,P-1145,East,67,2024-06-24T00:00:00.000Z
S-103687,P-1173,North,71,2024-03-03T00:00:00.000Z
S-103688,P-1112,Central,45,2024-06-02T00:00:00.000Z
S-103689,P-1068,North,33,2024-04-05T00:00:00.000Z
S-103690,P-1095,Central,56,2024-12-13T00:00:00.000Z
S-103691,P-1128,West,68,2024-10-06T00:00:00.000Z
S-103692,P-1207,West,80,2024-01-15T00:00:00.000Z
S-103693,P-1192,North,68,2024-07-16T00:00:00.000Z
S-103694,P-1219,North,9,2024-12-24T00:00:00.000Z
S-103695,P-1234,East,14,2024-06-21T00:00:00.000Z
S-103696,P-1104,West,35,2024-07-24T00:00:00.000Z
S-103697,P-1216,North,51,2024-05-31T00:00:00.000Z
S-103698,P-1067,South,47,2024-08-14T00:00:00.000Z
S-103699,P-1030,Central,63,2024-03-31T00:00:00.000Z
S-103700,P-1053,Central,34,2024-01-06T00:00:00.000Z
S-103701,P-1041,East,37,2024-12-29T00:00:00.000Z
S-103702,P-1196,Central,72,2024-02-20T00:00:00.000Z
S-103703,P-1211,Central,8,2024-09-03T00:00:00.000Z
S-103704,P-1028,South,50,2024-01-03T00:00:00.000Z
S-103705,P-1103,East,74,2024-07-30T00:00:00.000Z
S-103706,P-1062,West,59,2024-07-06T00:00:00.000Z
S-103707,P-1037,West,3,2024-08-27T00:00:00.000Z
S-103708,P-1218,Central,29,2024-05-20T00:00:00.000Z
S-103709,P-1227,East,20,2024-04-06T00:00:00.000Z
S-103710,P-1113,East,3,2024-12-02T00:00:00.000Z
S-103711,P-1167,South,39,2024-03-10T00:00:00.000Z
S-103712,P-1011,Central,46,2024-02-20T00:00:00.000Z
S-103713,P-1094,Central,27,2024-07-23T00:00:00.000Z
S-103714,P-1039,Central,8,2024-08-14T00:00:00.000Z
S-103715,P-1010,South,12,2024-03-19T00:00:00.000Z
S-103716,P-1227,Central,18,2024-04-17T00:00:00.000Z
S-103717,P-1148,South,65,2024-06-25T00:00:00.000Z
S-103718,P-1219,East,24,2024-10-21T00:00:00.000Z
S-103719,P-1064,Central,73,2024-10-26T00:00:00.000Z
S-103720,P-1045,Central,26,2024-04-14T00:00:00.000Z
S-103721,P-1155,South,36,2024-09-20T00:00:00.000Z
S-103722,P-1146,East,34,2024-01-05T00:00:00.000Z
S-103723,P-1035,South,20,2024-02-01T00:00:00.000Z
S-103724,P-1064,Central,9,2024-07-20T00:00:00.000Z
S-103725,P-1181,South,3,2024-08-30T00:00:00.000Z
S-103726,P-1086,Central,50,2024-06-01T00:00:00.000Z
S-103727,P-1117,East,61,2024-02-09T00:00:00.000Z
S-103728,P-1076,West,55,2024-10-22T00:00:00.000Z
S-103729,P-1126,South,1,2024-10-09T00:00:00.000Z
S-103730,P-1222,West,16,2024-10-19T00:00:00.000Z
S-103731,P-1072,Central,2,2024-12-03T00:00:00.000Z
S-103732,P-1031,West,16,2024-03-29T00:00:00.000Z
S-103733,P-1069,Central,5,2024-04-29T00:00:00.000Z
S-103734,P-1176,South,6,2024-11-16T00:00:00.000Z
S-103735,P-1017,North,3,2024-03-29T00:00:00.000Z
S-103736,P-1068,Central,41,2024-12-27T00:00:00.000Z
S-103737,P-1089,South,65,2024-09-23T00:00:00.000Z
S-103738,P-1090,East,18,2024-05-23T00:00:00.000Z
S-103739,P-1219,West,65,2024-08-03T00:00:00.000Z
S-103740,P-1153,South,47,2024-10-07T00:00:00.000Z
S-103741,P-1064,West,21,2024-06-05T00:00:00.000Z
S-103742,P-1087,Central,76,2024-01-19T00:00:00.000Z
S-103743,P-1091,East,22,2024-05-05T00:00:00.000Z
S-103744,P-1026,South,69,2024-04-01T00:00:00.000Z
S-103745,P-1012,Central,1,2024-08-05T00:00:00.000Z
S-103746,P-1184,North,68,2024-07-28T00:00:00.000Z
S-103747,P-1108,West,80,2024-06-17T00:00:00.000Z
S-103748,P-1167,East,44,2024-06-22T00:00:00.000Z
S-103749,P-1003,East,32,2024-03-10T00:00:00.000Z
S-103750,P-1223,East,73,2024-06-23T00:00:00.000Z
S-103751,P-1055,Central,25,2024-09-12T00:00:00.000Z
S-103752,P-1022,East,69,2024-03-26T00:00:00.000Z
S-103753,P-1167,West,30,2024-12-11T00:00:00.000Z
S-103754,P-1114,East,49,2024-02-20T00:00:00.000Z
S-103755,P-1205,West,31,2024-02-10T00:00:00.000Z
S-103756,P-1143,Central,36,2024-01-29T00:00:00.000Z
S-103757,P-1234,South,36,2024-12-04T00:00:00.000Z
S-103758,P-1110,Central,19,2024-01-02T00:00:00.000Z
S-103759,P-1211,East,42,2024-04-23T00:00:00.000Z
S-103760,P-1191,South,22,2024-10-06T00:00:00.000Z
S-103761,P-1005,Central,18,2024-02-03T00:00:00.000Z
S-103762,P-1217,East,22,2024-01-15T00:00:00.000Z
S-103763,P-1052,West,5,2024-04-22T00:00:00.000Z
S-103764,P-1026,East,32,2024-08-05T00:00:00.000Z
S-103765,P-1099,West,60,2024-11-12T00:00:00.000Z
S-103766,P-1236,North,20,2024-02-18T00:00:00.000Z
S-103767,P-1145,East,24,2024-10-01T00:00:00.000Z
S-103768,P-1082,Central,16,2024-04-23T00:00:00.000Z
S-103769,P-1089,Central,72,2024-01-10T00:00:00.000Z
S-103770,P-1170,North,36,2024-06-21T00:00:00.000Z
S-103771,P-1083,West,40,2024-12-11T00:00:00.000Z
S-103772,P-1039,West,58,2024-07-04T00:00:00.000Z
S-103773,P-1105,South,15,2024-03-25T00:00:00.000Z
S-103774,P-1005,North,1,2024-12-17T00:00:00.000Z
S-103775,P-1096,North,59,2024-09-23T00:00:00.000Z
S-103776,P-1193,North,12,2024-11-21T00:00:00.000Z
S-103777,P-1155,North,39,2024-04-13T00:00:00.000Z
S-103778,P-1158,South,69,2024-12-14T00:00:00.000Z
S-103779,P-1114,North,78,2024-08-30T00:00:00.000Z
S-103780,P-1186,South,65,2024-11-19T00:00:00.000Z
S-103781,P-1045,North,30,2024-12-12T00:00:00.000Z
S-103782,P-1080,North,66,2024-01-24T00:00:00.000Z
S-103783,P-1139,North,14,2024-03-18T00:00:00.000Z
S-103784,P-1130,South,14,2024-06-01T00:00:00.000Z
S-103785,P-1182,West,32,2024-07-02T00:00:00.000Z
S-103786,P-1093,Central,59,2024-06-30T00:00:00.000Z
S-103787,P-1011,North,30,2024-11-24T00:00:00.000Z
S-103788,P-1044,East,50,2024-01-10T00:00:00.000Z
S-103789,P-1132,East,7,2024-01-27T00:00:00.000Z
S-103790,P-1146,Central,31,2024-07-09T00:00:00.000Z
S-103791,P-1012,South,14,2024-08-11T00:00:00.000Z
S-103792,P-1220,North,77,2024-04-28T00:00:00.000Z
S-103793,P-1152,North,53,2024-02-06T00:00:00.000Z
S-103794,P-1153,South,72,2024-12-01T00:00:00.000Z
S-103795,P-1169,South,32,2024-05-20T00:00:00.000Z
S-103796,P-1041,East,74,2024-03-23T00:00:00.000Z
S-103797,P-1018,Central,69,2024-12-22T00:00:00.000Z
S-103798,P-1019,West,15,2024-07-22T00:00:00.000Z
S-103799,P-1025,South,78,2024-01-17T00:00:00.000Z
S-103800,P-1117,South,72,2024-03-01T00:00:00.000Z
S-103801,P-1036,East,42,2024-03-15T00:00:00.000Z
S-103802,P-1230,Central,26,2024-01-15T00:00:00.000Z
S-103803,P-1072,West,56,2024-09-09T00:00:00.000Z
S-103804,P-1023,East,68,2024-02-13T00:00:00.000Z
S-103805,P-1107,South,80,2024-07-01T00:00:00.000Z
S-103806,P-1199,West,8,2024-02-09T00:00:00.000Z
S-103807,P-1003,South,23,2024-10-08T00:00:00.000Z
S-103808,P-1046,West,10,2024-02-18T00:00:00.000Z
S-103809,P-1002,South,32,2024-11-08T00:00:00.000Z
S-103810,P-1223,Central,63,2024-07-18T00:00:00.000Z
S-103811,P-1205,Central,40,2024-11-27T00:00:00.000Z
S-103812,P-1218,West,56,2024-05-25T00:00:00.000Z
S-103813,P-1180,Central,66,2024-09-19T00:00:00.000Z
S-103814,P-1152,North,60,2024-06-24T00:00:00.000Z
S-103815,P-1229,Central,12,2024-03-04T00:00:00.000Z
S-103816,P-1057,East,40,2024-12-22T00:00:00.000Z
S-103817,P-1079,East,11,2024-03-20T00:00:00.000Z
S-103818,P-1232,Central,33,2024-02-06T00:00:00.000Z
S-103819,P-1215,South,51,2024-01-30T00:00:00.000Z
S-103820,P-1238,East,4,2024-11-13T00:00:00.000Z
S-103821,P-1073,Central,58,2024-11-20T00:00:00.000Z
S-103822,P-1043,North,55,2024-01-20T00:00:00.000Z
S-103823,P-1184,North,60,2024-03-14T00:00:00.000Z
S-103824,P-1154,North,21,2024-04-07T00:00:00.000Z
S-103825,P-1083,West,80,2024-02-14T00:00:00.000Z
S-103826,P-1236,South,62,2024-09-16T00:00:00.000Z
S-103827,P-1224,Central,62,2024-07-20T00:00:00.000Z
S-103828,P-1226,Central,4,2024-08-03T00:00:00.000Z
S-103829,P-1115,Central,59,2024-06-03T00:00:00.000Z
S-103830,P-1143,North,6,2024-07-13T00:00:00.000Z
S-103831,P-1193,Central,40,2024-04-21T00:00:00.000Z
S-103832,P-1187,East,45,2024-05-02T00:00:00.000Z
S-103833,P-1158,Central,58,2024-05-01T00:00:00.000Z
S-103834,P-1021,West,68,2024-08-12T00:00:00.000Z
S-103835,P-1059,North,46,2024-02-21T00:00:00.000Z
S-103836,P-1141,South,56,2024-07-06T00:00:00.000Z
S-103837,P-1203,East,2,2024-08-06T00:00:00.000Z
S-103838,P-1096,East,71,2024-06-29T00:00:00.000Z
S-103839,P-1066,South,11,2024-02-12T00:00:00.000Z
S-103840,P-1171,East,2,2024-04-15T00:00:00.000Z
S-103841,P-1062,North,76,2024-04-01T00:00:00.000Z
S-103842,P-1147,East,13,2024-01-16T00:00:00.000Z
S-103843,P-1131,South,22,2024-05-30T00:00:00.000Z
S-103844,P-1059,West,36,2024-05-01T00:00:00.000Z
S-103845,P-1085,East,34,2024-08-06T00:00:00.000Z
S-103846,P-1222,Central,36,2024-06-15T00:00:00.000Z
S-103847,P-1223,West,67,2024-12-18T00:00:00.000Z
S-103848,P-1111,Central,31,2024-12-04T00:00:00.000Z
S-103849,P-1060,South,53,2024-11-23T00:00:00.000Z
S-103850,P-1124,East,56,2024-02-09T00:00:00.000Z
S-103851,P-1178,East,69,2024-02-07T00:00:00.000Z
S-103852,P-1006,South,58,2024-01-05T00:00:00.000Z
S-103853,P-1049,North,43,2024-08-13T00:00:00.000Z
S-103854,P-1010,Central,38,2024-10-02T00:00:00.000Z
S-103855,P-1039,East,18,2024-04-11T00:00:00.000Z
S-103856,P-1060,West,59,2024-11-04T00:00:00.000Z
S-103857,P-1029,South,62,2024-05-29T00:00:00.000Z
S-103858,P-1118,Central,2,2024-01-13T00:00:00.000Z
S-103859,P-1090,South,33,2024-09-28T00:00:00.000Z
S-103860,P-1172,Central,16,2024-09-11T00:00:00.000Z
S-103861,P-1031,East,3,2024-07-11T00:00:00.000Z
S-103862,P-1147,South,11,2024-06-13T00:00:00.000Z
S-103863,P-1109,South,31,2024-03-04T00:00:00.000Z
S-103864,P-1164,West,66,2024-01-06T00:00:00.000Z
S-103865,P-1068,South,45,2024-12-11T00:00:00.000Z
S-103866,P-1041,South,78,2024-09-10T00:00:00.000Z
S-103867,P-1191,East,77,2024-12-18T00:00:00.000Z
S-103868,P-1019,East,17,2024-11-01T00:00:00.000Z
S-103869,P-1225,Central,79,2024-01-05T00:00:00.000Z
S-103870,P-1110,West,75,2024-08-28T00:00:00.000Z
S-103871,P-1141,Central,27,2024-07-17T00:00:00.000Z
S-103872,P-1180,East,5,2024-11-03T00:00:00.000Z
S-103873,P-1078,West,70,2024-12-02T00:00:00.000Z
S-103874,P-1012,North,22,2024-01-18T00:00:00.000Z
S-103875,P-1061,West,21,2024-11-23T00:00:00.000Z
S-103876,P-1104,West,53,2024-12-18T00:00:00.000Z
S-103877,P-1007,North,60,2024-02-12T00:00:00.000Z
S-103878,P-1119,North,79,2024-09-29T00:00:00.000Z
S-103879,P-1056,North,71,2024-08-16T00:00:00.000Z
S-103880,P-1055,North,20,2024-05-17T00:00:00.000Z
S-103881,P-1083,East,20,2024-01-19T00:00:00.000Z
S-103882,P-1145,East,19,2024-05-12T00:00:00.000Z
S-103883,P-1078,Central,21,2024-07-15T00:00:00.000Z
S-103884,P-1032,North,16,2024-07-09T00:00:00.000Z
S-103885,P-1096,West,47,2024-11-09T00:00:00.000Z
S-103886,P-1222,South,17,2024-02-14T00:00:00.000Z
S-103887,P-1093,Central,44,2024-01-13T00:00:00.000Z
S-103888,P-1144,East,10,2024-11-10T00:00:00.000Z
S-103889,P-1048,West,17,2024-03-08T00:00:00.000Z
S-103890,P-1009,South,72,2024-08-21T00:00:00.000Z
S-103891,P-1035,East,46,2024-12-16T00:00:00.000Z
S-103892,P-1020,East,17,2024-09-12T00:00:00.000Z
S-103893,P-1072,Central,60,2024-01-22T00:00:00.000Z
S-103894,P-1086,Central,8,2024-05-27T00:00:00.000Z
S-103895,P-1114,North,26,2024-02-05T00:00:00.000Z
S-103896,P-1047,East,69,2024-08-01T00:00:00.000Z
S-103897,P-1134,South,65,2024-03-16T00:00:00.000Z
S-103898,P-1042,North,11,2024-02-29T00:00:00.000Z
S-103899,P-1102,East,14,2024-08-07T00:00:00.000Z
S-103900,P-1148,North,79,2024-02-06T00:00:00.000Z
S-103901,P-1022,West,55,2024-11-24T00:00:00.000Z
S-103902,P-1213,East,68,2024-05-14T00:00:00.000Z
S-103903,P-1120,Central,36,2024-10-08T00:00:00.000Z
S-103904,P-1204,Central,66,2024-12-29T00:00:00.000Z
S-103905,P-1212,West,80,2024-05-14T00:00:00.000Z
S-103906,P-1090,West,67,2024-11-08T00:00:00.000Z
S-103907,P-1202,Central,19,2024-04-24T00:00:00.000Z
S-103908,P-1092,Central,37,2024-02-15T00:00:00.000Z
S-103909,P-1096,South,74,2024-10-01T00:00:00.000Z
S-103910,P-1226,North,36,2024-09-04T00:00:00.000Z
S-103911,P-1074,North,64,2024-10-10T00:00:00.000Z
S-103912,P-1061,East,28,2024-10-12T00:00:00.000Z
S-103913,P-1203,North,64,2024-01-09T00:00:00.000Z
S-103914,P-1010,North,76,2024-02-28T00:00:00.000Z
S-103915,P-1215,West,65,2024-09-28T00:00:00.000Z
S-103916,P-1087,West,12,2024-09-14T00:00:00.000Z
S-103917,P-1203,North,22,2024-01-11T00:00:00.000Z
S-103918,P-1153,West,5,2024-08-15T00:00:00.000Z
S-103919,P-1077,West,74,2024-05-04T00:00:00.000Z
S-103920,P-1091,South,20,2024-02-14T00:00:00.000Z
S-103921,P-1014,South,13,2024-04-06T00:00:00.000Z
S-103922,P-1239,West,41,2024-06-01T00:00:00.000Z
S-103923,P-1191,Central,79,2024-07-24T00:00:00.000Z
S-103924,P-1126,South,63,2024-09-13T00:00:00.000Z
S-103925,P-1019,West,36,2024-03-30T00:00:00.000Z
S-103926,P-1188,Central,1,2024-05-08T00:00:00.000Z
S-103927,P-1084,Central,69,2024-01-23T00:00:00.000Z
S-103928,P-1153,North,47,2024-03-27T00:00:00.000Z
S-103929,P-1229,East,1,2024-05-25T00:00:00.000Z
S-103930,P-1116,East,21,2024-01-03T00:00:00.000Z
S-103931,P-1131,Central,63,2024-11-23T00:00:00.000Z
S-103932,P-1223,South,1,2024-08-12T00:00:00.000Z
S-103933,P-1206,East,43,2024-04-05T00:00:00.000Z
S-103934,P-1038,East,15,2024-05-12T00:00:00.000Z
S-103935,P-1102,North,7,2024-03-08T00:00:00.000Z
S-103936,P-1170,Central,27,2024-04-15T00:00:00.000Z
S-103937,P-1148,Central,75,2024-02-20T00:00:00.000Z
S-103938,P-1150,East,19,2024-02-28T00:00:00.000Z
S-103939,P-1120,East,40,2024-10-25T00:00:00.000Z
S-103940,P-1067,East,60,2024-10-22T00:00:00.000Z
S-103941,P-1001,West,32,2024-09-20T00:00:00.000Z
S-103942,P-1209,South,16,2024-07-29T00:00:00.000Z
S-103943,P-1000,South,26,2024-06-17T00:00:00.000Z
S-103944,P-1101,West,1,2024-02-23T00:00:00.000Z
S-103945,P-1178,South,18,2024-02-12T00:00:00.000Z
S-103946,P-1208,West,38,2024-11-13T00:00:00.000Z
S-103947,P-1157,South,51,2024-01-05T00:00:00.000Z
S-103948,P-1066,North,79,2024-12-11T00:00:00.000Z
S-103949,P-1019,North,62,2024-03-05T00:00:00.000Z
S-103950,P-1124,North,62,2024-08-28T00:00:00.000Z
S-103951,P-1216,Central,67,2024-01-27T00:00:00.000Z
S-103952,P-1150,North,4,2024-01-03T00:00:00.000Z
S-103953,P-1200,South,14,2024-04-30T00:00:00.000Z
S-103954,P-1193,Central,7,2024-05-28T00:00:00.000Z
S-103955,P-1142,West,24,2024-05-14T00:00:00.000Z
S-103956,P-1077,Central,22,2024-03-26T00:00:00.000Z
S-103957,P-1115,East,67,2024-06-08T00:00:00.000Z
S-103958,P-1140,West,25,2024-01-14T00:00:00.000Z
S-103959,P-1181,East,42,2024-08-19T00:00:00.000Z
S-103960,P-1032,South,61,2024-01-30T00:00:00.000Z
S-103961,P-1237,South,80,2024-01-27T00:00:00.000Z
S-103962,P-1062,South,30,2024-11-21T00:00:00.000Z
S-103963,P-1102,North,15,2024-03-23T00:00:00.000Z
S-103964,P-1036,South,27,2024-08-23T00:00:00.000Z
S-103965,P-1123,West,35,2024-08-01T00:00:00.000Z
S-103966,P-1018,North,69,2024-03-12T00:00:00.000Z
S-103967,P-1188,East,33,2024-12-23T00:00:00.000Z
S-103968,P-1127,North,33,2024-09-02T00:00:00.000Z
S-103969,P-1066,North,15,2024-03-17T00:00:00.000Z
S-103970,P-1171,West,48,2024-09-04T00:00:00.000Z
S-103971,P-1061,South,62,2024-06-19T00:00:00.000Z
S-103972,P-1228,West,31,2024-09-26T00:00:00.000Z
S-103973,P-1213,East,11,2024-01-15T00:00:00.000Z
S-103974,P-1151,North,1,2024-03-22T00:00:00.000Z
S-103975,P-1169,East,36,2024-08-02T00:00:00.000Z
S-103976,P-1221,Central,11,2024-12-06T00:00:00.000Z
S-103977,P-1136,South,53,2024-11-30T00:00:00.000Z
S-103978,P-1160,East,46,2024-06-04T00:00:00.000Z
S-103979,P-1140,East,69,2024-03-19T00:00:00.000Z
S-103980,P-1046,East,5,2024-10-07T00:00:00.000Z
S-103981,P-1221,West,54,2024-04-21T00:00:00.000Z
S-103982,P-1192,East,39,2024-08-27T00:00:00.000Z
S-103983,P-1169,West,76,2024-12-15T00:00:00.000Z
S-103984,P-1054,South,33,2024-03-17T00:00:00.000Z
S-103985,P-1030,South,31,2024-01-14T00:00:00.000Z
S-103986,P-1236,North,34,2024-03-18T00:00:00.000Z
S-103987,P-1237,North,16,2024-02-17T00:00:00.000Z
S-103988,P-1125,West,37,2024-04-19T00:00:00.000Z
S-103989,P-1010,North,35,2024-10-06T00:00:00.000Z
S-103990,P-1147,East,44,2024-05-29T00:00:00.000Z
S-103991,P-1117,West,75,2024-11-14T00:00:00.000Z
S-103992,P-1145,South,63,2024-11-03T00:00:00.000Z
S-103993,P-1219,West,71,2024-04-14T00:00:00.000Z
S-103994,P-1158,South,32,2024-08-07T00:00:00.000Z
S-103995,P-1067,Central,26,2024-02-29T00:00:00.000Z
S-103996,P-1086,South,60,2024-08-12T00:00:00.000Z
S-103997,P-1183,East,17,2024-03-12T00:00:00.000Z
S-103998,P-1180,South,24,2024-03-07T00:00:00.000Z
S-103999,P-1000,South,15,2024-09-06T00:00:00.000Z
